,A,B,C,D
2000-01-01,-0.8727994741680687,-1.5797856693778185,-1.4929943227128966,-1.2122773360889403
2000-01-02,-1.0826599021299739,-1.9589716708555676,-0.5003730930082199,0.04069124660052048
2000-01-03,-0.48426277223852,-4.048391740878927,-1.9970286925266438,1.7886436953383407
2000-01-04,-1.160792788302781,-4.194310478543609,-1.6001229844812366,-0.22781765672964038
2000-01-05,0.18197170378737915,-3.982766331250434,-1.4898508501236483,-0.7818719719390771
2000-01-06,-0.7890896367445015,-4.58539589433249,-2.360629529182151,-1.8388205555470365
2000-01-07,-1.7701706084701476,-4.644502471451459,-0.8950255358717185,-0.9903614028386487
2000-01-08,-3.474060614660382,-5.451985655852886,-2.0990622505148493,-2.714379345664087
2000-01-09,-2.1481476343951,-5.827511833088982,-1.341446810075911,-4.126012143285931
2000-01-10,-1.3800113690493654,-5.7992286905311525,-1.346390022286487,-5.118510782140455
2000-01-11,-1.931466491465708,-5.659101808385834,-0.13406546969986866,-6.4709533541942195
2000-01-12,-1.9353558277235086,-6.786696925024893,-0.9767029843412455,-7.6576372391481655
2000-01-13,-3.7737355568622646,-5.748671228817319,-1.1890178633515553,-7.462555227724717
2000-01-14,-3.3144107016801208,-6.406419452259517,1.3180973235554894,-8.902354123406102
2000-01-15,-2.383665829351506,-5.6221087523239905,1.6354373643410922,-9.856620719128736
2000-01-16,-2.4599421288770267,-5.680651740543074,1.6480677461718805,-9.51658408248293
2000-01-17,-1.5419672024688578,-6.303914592766159,2.5630245768435738,-9.969282825652064
2000-01-18,-1.5515620761805275,-6.025490739868357,2.5132930362142814,-8.867763090748815
2000-01-19,-1.8497646202842706,-4.768476259531557,2.9177833261487147,-9.48649283240235
2000-01-20,-3.305056455946637,-4.224919053529208,1.282487167133829,-8.273202278626949
2000-01-21,-3.1915247270300466,-2.995516698943954,0.735234528113455,-9.970520027690108
2000-01-22,-2.8209973849041217,-3.6363035400609673,1.5833217577678775,-9.094245624879562
2000-01-23,-0.7968633914994623,-3.9400893970336095,1.6868895822264784,-7.762335532196899
2000-01-24,1.477129552453388,-2.8422902180890324,-1.0949173315106115,-8.143054473245334
2000-01-25,0.5664424193233857,-3.2799954395957718,-1.4236511959462756,-7.938204318047688
2000-01-26,0.38140956519785474,-5.339278098807968,-1.4135174838759355,-7.091100286706818
2000-01-27,0.912263825263564,-4.497142777679577,-2.1438857080809015,-8.184472846324411
2000-01-28,0.7878503246638235,-3.26919039867766,-0.10236549647487214,-6.438508200615594
2000-01-29,-0.2576343967839523,-2.756056219138872,-1.4695723665094047,-6.377336559490528
2000-01-30,-0.5089918526544976,-3.180221250080061,-1.083770564799397,-5.782896929420181
2000-01-31,0.45948120829381955,-2.064148802932891,-1.007324372599651,-5.237213369340041
2000-02-01,0.11215616196997158,-2.1020575170441096,-0.7581788873571957,-4.128187396302195
2000-02-02,2.091142431591357,-1.5995481883095701,-0.22758443759053004,-3.1883771050211127
2000-02-03,1.8694962532053994,-1.1874105303052906,-0.0390580461231754,-3.130988199338494
2000-02-04,3.088103643508764,-1.386975329983712,-0.7596296812113307,-2.8161271180595984
2000-02-05,4.724501011284235,-2.4931924104742427,-0.6938532179760452,-3.584794628544768
2000-02-06,5.890747455829491,-3.1121988220464383,-1.1505808741899535,-4.002186225081891
2000-02-07,6.641763695470477,-3.907906590732964,-1.9044210502759378,-4.232974359561734
2000-02-08,6.263114548281206,-3.8315961487669723,-0.22642766374246315,-4.194891497557297
2000-02-09,6.624173254918912,-5.156767912460365,-0.3246499901430374,-3.5477747306022573
2000-02-10,5.159921587756249,-4.320767812082383,-0.5406758317596642,-4.176761159993618
2000-02-11,5.859463200704449,-2.8899562440526654,-0.5317423526568243,-3.6676833477326456
2000-02-12,5.85751968311962,-3.878617228223539,1.7434269318977427,-3.270814257807511
2000-02-13,4.364632535816608,-4.382386490034657,2.661471635176505,-3.705836690067377
2000-02-14,5.308445233254073,-5.53052395291965,3.0050266134385066,-3.2520491930728177
2000-02-15,4.775457669010008,-6.0146473791180535,4.268458238715009,-4.611265480180997
2000-02-16,3.5867446143933304,-6.794276104770585,4.119422420159306,-6.155200383067775
2000-02-17,3.1872801530812502,-5.791664312195406,4.08562198097593,-4.894133286472176
2000-02-18,3.5844873512772577,-7.142624842674302,3.998840829508557,-5.56257551521827
2000-02-19,2.4241403034713285,-8.110219027862154,3.66034613047458,-5.3248996910363395
2000-02-20,1.722629600312048,-8.88306428327125,4.481960106447854,-4.7381581279858835
2000-02-21,3.3151086171108215,-9.134246230169193,3.287765463523412,-5.314914920264197
2000-02-22,1.86469574675912,-9.145078455125454,5.902898503639951,-6.970532763031098
2000-02-23,3.5626235444823564,-10.058257668095543,6.104868607440208,-6.262299534512475
2000-02-24,3.770017648091031,-10.40368856829432,7.029026919782435,-8.06221955275289
2000-02-25,3.234706990323376,-9.729207116205455,4.18399699598119,-8.595251666855306
2000-02-26,4.797004346057642,-9.642685496544384,4.119033990872196,-9.381961385716874
2000-02-27,4.08603317592361,-11.128805764333322,4.9662127460404,-8.852652064520171
2000-02-28,5.02096320971174,-9.710026858585428,4.262040311772522,-7.466090534570601
2000-02-29,4.381610575711768,-6.508865843712761,4.916607322288289,-9.54457307000731
2000-03-01,6.656768115972341,-7.355331863853992,5.087772935412803,-10.772164502900132
2000-03-02,6.229862413914644,-6.8144498400545475,5.98594435550638,-10.101417107345904
2000-03-03,6.921542149024985,-8.944801608160763,7.485979127486418,-9.912219760450883
2000-03-04,6.256344390422306,-8.986389896704278,7.297043362160267,-12.577542498013958
2000-03-05,6.894443530189519,-10.757382108520863,6.37425171775514,-13.43860207134136
2000-03-06,6.9165615228332875,-9.10188065684576,6.613584580697003,-13.266917482825532
2000-03-07,8.591633518639656,-10.108554204378175,4.249637074285755,-14.690192093971508
2000-03-08,10.204127772740598,-11.850173806142223,3.1262493445544175,-14.702766804369828
2000-03-09,10.273966208049725,-11.86386864931687,4.675818404268814,-15.325403523064494
2000-03-10,8.564375922277177,-12.246906742108706,5.085976020599553,-15.891271317057171
2000-03-11,8.692321676955462,-13.855446243341493,3.494848170415903,-14.428701351765282
2000-03-12,8.888578819823328,-13.31235981506735,2.9292607249925107,-16.172407065801078
2000-03-13,7.338856187400934,-15.74650645456145,3.300364875331868,-17.748302164609875
2000-03-14,8.480495947093349,-16.184014661697773,2.6069466979891507,-19.004176034437197
2000-03-15,8.629679233848078,-15.613994937723309,3.76579712130213,-17.867752133734612
2000-03-16,8.442479077265476,-14.203001026704907,5.021345726609251,-17.412363806514477
2000-03-17,8.608660591429738,-12.936973330742752,5.059258185524908,-17.764934457611652
2000-03-18,9.562395421958255,-12.32172397421701,5.168964904075001,-19.2938781384704
2000-03-19,9.105338297183259,-14.040680977521827,4.478333547973043,-18.652777820373636
2000-03-20,10.050821662643417,-13.868982954144618,4.316278720761926,-17.79400976526471
2000-03-21,9.474793478411483,-13.88680158697461,4.861875204774952,-17.358638949918472
2000-03-22,10.525235908331586,-14.996026540409897,5.690389420553213,-15.539114122527522
2000-03-23,9.985470726282006,-14.49574821201186,4.405729681631317,-16.829510261112436
2000-03-24,10.139226021918317,-15.551285353725902,3.7861238694526382,-16.77340127780484
2000-03-25,10.39956243416337,-17.768679265137443,3.01218990123954,-17.157882970572416
2000-03-26,11.356133526111904,-18.086896211414516,2.319005522042908,-17.816110594668913
2000-03-27,11.024049884304757,-18.423621734597983,0.4221934467657742,-17.917521470916714
2000-03-28,9.667513290323619,-17.877052688863003,-0.5138473468373419,-17.10334812142207
2000-03-29,11.403759486129976,-19.803362428712134,1.3610446700462218,-17.498694870629908
2000-03-30,12.525915487855855,-17.988539170633956,1.5563069153017102,-19.34546270806383
2000-03-31,13.204778554456201,-16.77273050104651,2.3443884022250305,-19.20563417968237
2000-04-01,11.308059407826342,-15.56994932183744,0.7843739516922774,-19.616299207397407
2000-04-02,11.988668592086437,-14.145975145104249,-0.27741985256493873,-20.01635226902162
2000-04-03,13.10026032860166,-14.370416949556024,-1.4991533824749501,-19.533764119519358
2000-04-04,13.923143660236592,-14.064203596696068,-2.423173083386341,-18.26410794817526
2000-04-05,12.63708988659164,-16.01375996819093,-1.745493762929852,-19.499656839287645
2000-04-06,13.738829042503546,-16.255067119700804,-1.5201198478719056,-17.55412532747244
2000-04-07,15.332682476318778,-16.206901360994205,-0.45571377329584295,-18.363534496979
2000-04-08,15.760096519402266,-16.79036142544771,-1.8997760530519072,-16.736564274415738
2000-04-09,14.259735023421529,-18.474536291095315,-3.182100532398478,-16.532984316845397
2000-04-10,14.445820933511236,-17.638569905552085,-1.5360005963874659,-16.05030576316362
2000-04-11,14.283016009336782,-18.23402603610875,-2.728891699341662,-16.85590932505613
2000-04-12,14.884754797835363,-19.853694978401826,-3.104328114285778,-18.15667766958792
2000-04-13,14.36182661020894,-22.30346338869786,-2.386387390127727,-19.112502491150625
2000-04-14,15.749733503690953,-23.095289714532477,-4.175605701255809,-19.494653907301203
2000-04-15,16.63918529007047,-23.74710605169659,-4.190477619961998,-19.101859986730155
2000-04-16,16.40951717917516,-23.817713517599003,-5.542505724408278,-19.911527366475422
2000-04-17,15.404489912481367,-23.536831733465796,-4.826308805383444,-20.376816977692563
2000-04-18,15.19206346656427,-23.42696282781802,-3.397234642033825,-22.425536942512068
2000-04-19,14.131388423317885,-24.81962102484436,-2.2546786551264493,-23.292348397018706
2000-04-20,14.893902672330894,-24.276716792032282,-1.0940498037898998,-25.027972740490572
2000-04-21,14.367050268339984,-24.7884915429847,-1.327965474450367,-26.01184445055693
2000-04-22,14.36718429895523,-25.55193110663576,-1.3530507911329468,-26.669082590205328
2000-04-23,15.642147094837577,-24.982445764548686,-1.1558598779365012,-26.839932139751554
2000-04-24,16.02077508104919,-26.06459956433453,-2.2622263230022406,-26.89188914312356
2000-04-25,17.073341649470237,-27.377250002031396,-3.153851562178411,-28.185203707921765
2000-04-26,15.890778799001703,-27.43428859723874,-2.8330365659040946,-27.35004818301725
2000-04-27,15.515018861843163,-28.067771566411146,-4.220274124238383,-27.33798717715616
2000-04-28,14.780773177562875,-29.161601192558543,-3.4454681205607294,-27.974561688276147
2000-04-29,15.030166190087831,-31.08587518369676,-4.098154627448813,-28.067999921437426
2000-04-30,16.88684936608784,-31.886281828655054,-3.4578266267589246,-28.425500804353312
2000-05-01,17.523935303870683,-32.189685514477624,-2.5151875853641057,-27.39460294848448
2000-05-02,18.884250553774876,-33.24344779370021,-4.062902507625488,-27.749051554990416
2000-05-03,18.919860715065084,-31.63951605851139,-4.096261334070874,-27.48466437798192
2000-05-04,16.961001055660905,-30.645269991741703,-5.146431415547106,-26.048345291725727
2000-05-05,17.36810708713679,-32.076802156306,-5.568579326973092,-26.16953113338466
2000-05-06,17.719864584885357,-32.188475949947794,-5.548373122294752,-25.8809850005718
2000-05-07,17.60899558423129,-31.397443220437587,-6.251954050047676,-26.514335669263602
2000-05-08,18.009087073965,-32.6226209929131,-7.045786106884566,-27.11054810847627
2000-05-09,17.809144170503835,-30.911565266423402,-7.888729193561592,-25.860463886467905
2000-05-10,16.579106837884563,-29.889255079394616,-9.129254252251508,-27.628427259841096
2000-05-11,16.27764102053228,-30.958397995335208,-9.875644381581067,-27.47657980832306
2000-05-12,15.451042514978733,-31.160852193787978,-10.342660109022773,-26.357505700129156
2000-05-13,14.62858342613915,-33.50113081995885,-9.905399416595296,-24.06850712536037
2000-05-14,15.099026796609673,-33.85448918523336,-9.276834653550287,-26.418621436824015
2000-05-15,15.318551967249189,-35.81381189117893,-10.425735980578015,-26.75503716372256
2000-05-16,15.098108737844555,-36.57590024097741,-8.11423893201492,-26.533036494961024
2000-05-17,15.947381453538584,-35.2888964229329,-8.090154389948816,-27.077216011391073
2000-05-18,17.103236233572115,-33.63079031963622,-8.019161419630219,-27.493556663605514
2000-05-19,17.505171099916453,-34.21313390711581,-8.412846105276019,-26.483064932975815
2000-05-20,17.611789560445956,-35.01589846730436,-9.379714513954868,-25.85903950169445
2000-05-21,18.750715806238293,-36.98111862002041,-9.272038221333407,-24.36166730724428
2000-05-22,19.107704707523432,-38.03507912997304,-8.235153731462233,-23.00131500271257
2000-05-23,18.002862907823644,-37.76295275211072,-6.605755546342956,-22.92989460619296
2000-05-24,18.077050828092688,-37.013832974338754,-6.636124993120166,-22.74732835595408
2000-05-25,17.220781879679507,-38.410410548220156,-5.809730533185009,-22.83943987264756
2000-05-26,16.902117361162595,-39.780328214631005,-6.076375953173561,-21.346448183307654
2000-05-27,15.521991442058338,-39.06219006290816,-4.9940748252946765,-20.197096702153228
2000-05-28,15.15917400011428,-38.55145690774113,-5.164769680936168,-19.706668048719887
2000-05-29,15.900037647963766,-36.78210833131144,-4.4005588935039945,-19.604220039412084
2000-05-30,16.790763403805265,-36.67233344608187,-3.914295095313272,-20.436890233252086
2000-05-31,16.65470276587034,-35.51511532677881,-3.5967858093243192,-19.84273039200609
2000-06-01,17.654060983850847,-36.92454726826952,-3.289611151056109,-20.299759842487187
2000-06-02,16.50005016967981,-36.30460980919043,-3.3963016646834143,-20.92807702091492
2000-06-03,15.935371749484204,-37.32487367253241,-1.8617264846900783,-21.815385453141623
2000-06-04,14.72320643381079,-37.04656052311857,-3.125898174752056,-22.58960025109024
2000-06-05,15.023923978891016,-38.143874030960625,-4.110700451739558,-22.784605429562653
2000-06-06,13.730534205678692,-38.2866365796984,-5.525108219506784,-23.68924015707245
2000-06-07,15.65499250260628,-38.57100054509589,-5.189755240609679,-23.889573452753815
2000-06-08,16.096323944557117,-38.74391496398719,-4.703580190376087,-24.90088205615765
2000-06-09,15.946385450963097,-39.45750956587519,-4.070074743600268,-24.612437752097605
2000-06-10,17.04331295979202,-36.04684718798144,-3.678385084584571,-23.881348788082104
2000-06-11,18.09879631179454,-35.88365663357636,-4.99740437993424,-25.3638044028616
2000-06-12,17.332496065134755,-34.62768904723461,-4.763301348161126,-26.79383221136825
2000-06-13,17.13960570457124,-34.606631982391754,-4.647191648870914,-25.74619859345305
2000-06-14,18.570956990777344,-34.913820998067585,-5.004798113250459,-26.70831210558272
2000-06-15,18.90581600627659,-34.55714300852379,-5.222905922208206,-26.566613705838204
2000-06-16,17.353518881391757,-34.82192633564917,-5.051876586291723,-24.839576138762972
2000-06-17,20.1723263145009,-35.63749828326363,-5.131410854802141,-26.267996480060656
2000-06-18,20.63235038000398,-34.23363662289262,-5.413994921940649,-24.665704912700352
2000-06-19,19.722448937276912,-34.27805418873786,-6.384073711679385,-25.162311448646875
2000-06-20,19.247976789272855,-33.3478697055207,-5.839675454953555,-25.02197670688516
2000-06-21,17.67120461851339,-33.235664635739674,-4.615975347405266,-26.623530063528115
2000-06-22,15.416613526756068,-33.198854832596545,-4.4005795731346735,-26.909719387579877
2000-06-23,15.791300578502836,-33.64285166243844,-4.983480337182313,-25.331034639933588
2000-06-24,16.88667633676323,-34.83406654362887,-3.5900213412435757,-25.446231899686722
2000-06-25,16.468145425803076,-34.05183530702182,-3.62621979967935,-26.108460732285486
2000-06-26,16.82210269383222,-32.66186390632129,-1.5640196511078401,-25.321721267464916
2000-06-27,17.04265138911149,-32.78598181750077,-2.5962084173285636,-25.680233093466587
2000-06-28,16.923054026046184,-32.99689032408563,-1.3128298268649299,-25.141931603166583
2000-06-29,16.36576729037579,-32.80869637148997,-0.03490513139103757,-24.66664679150255
2000-06-30,15.87109848483505,-33.835995873837554,-0.46244976134684723,-23.678459040984052
2000-07-01,16.969996103716124,-32.78167492957758,1.1670100808362946,-24.31361039589299
2000-07-02,17.060744854979003,-31.84849112703507,1.4123939102022516,-22.259649838128823
2000-07-03,17.313746908655112,-31.733379035829927,1.3837177598940522,-23.425766937915533
2000-07-04,18.77876082266176,-32.85658263974983,1.3984664407437086,-22.986279192894536
2000-07-05,17.84716732699242,-32.69742493637101,2.113533816320162,-21.793370746351
2000-07-06,16.854775966747578,-32.83334857907768,2.256732016282966,-22.121608671252982
2000-07-07,15.875978987643359,-32.585618826674036,0.1732629381755828,-22.112537878875273
2000-07-08,16.30032596955702,-31.29185192285294,2.359689202826529,-23.879099635144915
2000-07-09,16.499151574862484,-32.289077003691894,3.517489514222741,-23.220233055490652
2000-07-10,16.286445892477136,-32.9957289859549,2.4161088107583906,-24.71415314446698
2000-07-11,15.411270833368263,-32.31197468408264,4.136352984898755,-24.59964375359958
2000-07-12,13.181156640768824,-31.972138986783456,4.1340418669999455,-23.6080352793483
2000-07-13,11.608813219137707,-31.795485599502936,2.619645349157106,-23.02572147064653
2000-07-14,11.53862183034873,-30.972145046359767,2.7291226982332204,-25.78972267902403
2000-07-15,11.351201010994892,-30.262612883468577,3.3141546620971107,-27.228844047391032
2000-07-16,10.852779625615076,-31.157049318835366,2.2005764841272155,-27.486743207477268
2000-07-17,10.910601336804651,-31.216127616211537,3.5293864168020104,-29.254503233349904
2000-07-18,9.501029998387438,-30.88466675348789,3.815791406863389,-29.260243276294624
2000-07-19,10.139657396741358,-30.835567209606413,4.73299134411446,-30.076799000503094
2000-07-20,9.04618504425721,-32.32193882532927,4.160125813068254,-30.543992791044598
2000-07-21,8.186544559787016,-31.481441297537614,5.0333611044760955,-30.948631776359854
2000-07-22,7.467767712742167,-31.711643889233184,6.0958207274213505,-30.168140086776578
2000-07-23,7.49124124903976,-30.422585905089257,5.555046047640625,-30.327557637539527
2000-07-24,7.590972053811916,-30.11891721066779,5.963417462352551,-30.72881943170319
2000-07-25,7.346303159737106,-30.533137607473233,7.9657901796135455,-30.001849422656015
2000-07-26,9.172535207438175,-29.85666982653197,8.542591382886897,-30.61134543182431
2000-07-27,10.326321333681719,-31.789674632475712,7.351193248827257,-31.184752536912733
2000-07-28,10.109655711873762,-32.18215337390192,7.488483741008939,-30.539345044158072
2000-07-29,10.67044454746608,-32.879745468461174,6.427532824994939,-31.513783187518083
2000-07-30,12.341321254993735,-32.03321913048073,7.428609787739317,-30.310443129361776
2000-07-31,12.13473837374705,-31.350908791667237,7.530778783612447,-31.249823603207588
2000-08-01,12.530760772890012,-31.286629521286024,7.160651423803425,-31.644398249753984
2000-08-02,13.879986375117506,-30.899361874818577,6.158612766551389,-31.96832325688127
2000-08-03,13.536882800722616,-31.14336467301886,6.994060774479758,-32.768631297098246
2000-08-04,12.999348415770926,-28.59496417509942,5.838037234370067,-33.63904708706707
2000-08-05,12.464699267251271,-28.191920216524096,5.147893821700951,-34.195767169044466
2000-08-06,12.998982892746135,-28.818238199480003,4.439346550871557,-34.587501780832746
2000-08-07,13.666053837679552,-29.978139022464685,4.895834743891246,-33.81134858893679
2000-08-08,13.459010066553446,-28.524418027172306,3.5351150772068047,-34.17706649008772
2000-08-09,15.179578608986864,-28.425367826927687,4.357647456333517,-34.75856023376372
2000-08-10,14.537584554850492,-29.264420385110615,2.30694541202521,-34.93754409312703
2000-08-11,14.416017110803748,-28.434230436875893,2.3494159803683003,-36.582965178282855
2000-08-12,14.31637822142921,-28.524818809514734,1.709954618401663,-36.25874421338518
2000-08-13,13.916725749245865,-28.585235467293856,-0.633039364870223,-38.00635295984867
2000-08-14,11.165266379325354,-27.857715392240287,-0.7579843596312665,-38.09198177822594
2000-08-15,10.555495412553293,-28.070514198821908,1.3210452239326251,-37.886616011831585
2000-08-16,9.787315635287971,-27.85425070152293,1.5036986340374912,-39.37862452859266
2000-08-17,9.733666149252961,-28.245629497246046,2.0485458245320283,-41.006665750685
2000-08-18,10.990388841670184,-29.96933223011651,2.7932398285943205,-39.51354464134113
2000-08-19,12.593772245489573,-31.117715903737086,2.2051924127424165,-39.309108704643315
2000-08-20,13.320156394526203,-30.35502123328782,1.9162560891640297,-40.26961179707243
2000-08-21,13.347445073344266,-30.244892620237074,1.799388271243442,-40.42770306037248
2000-08-22,14.642352408944427,-30.520962485148225,3.09980243117993,-40.586948744570485
2000-08-23,14.165657390862393,-28.693144641190774,3.4669731429944073,-41.17244715815176
2000-08-24,13.634376040280488,-29.134167306660117,2.4151668395763046,-40.714044945289665
2000-08-25,14.398356460999757,-30.094112174854526,2.65634652959038,-40.43713694097731
2000-08-26,14.845891553669798,-32.63633600167074,2.738767253921322,-39.007895064526714
2000-08-27,14.541579009166652,-35.139144019986695,3.8666270638052413,-38.165106617603215
2000-08-28,15.688348842232722,-35.756769848135846,3.962882573278951,-40.32866150539414
2000-08-29,16.58363821596501,-36.12102762134739,5.274157754763218,-41.020980217927125
2000-08-30,15.895841002519994,-37.116523904208854,4.391060864653781,-42.29182480309127
2000-08-31,16.951570637211553,-36.88483923051999,6.043079677357369,-41.528727427583654
2000-09-01,18.680573685587603,-37.046295320312424,5.859820990914338,-41.48897126465868
2000-09-02,20.86249679488852,-37.04838389657182,5.77120973868694,-41.55647093772298
2000-09-03,20.259006971749333,-37.42185022724258,7.2787864231346,-42.51746188183008
2000-09-04,20.441068737207107,-38.05481650857709,6.826447322477931,-43.53539193992605
2000-09-05,20.91665872288042,-37.995931545780785,6.586268502045723,-43.67739911844073
2000-09-06,21.550947006116257,-37.967247667593995,7.2209304637188785,-44.46576174533441
2000-09-07,19.672129518712776,-38.78524821107984,6.381990982539705,-43.604275377001024
2000-09-08,20.86021003456703,-38.78917276416667,6.117655282823141,-44.3161883710842
2000-09-09,19.714974674838373,-39.16236396556458,6.099026215547958,-45.387939294380615
2000-09-10,20.412721540989427,-38.38017352898869,4.18072399380465,-46.29148667266263
2000-09-11,22.03527269244337,-38.86934402024698,4.009877603906631,-46.317825105770304
2000-09-12,21.728619478096316,-39.49694317448423,2.300369360204187,-46.13396600626188
2000-09-13,20.88786317628399,-40.674849561867696,3.3431957269933013,-46.82516307084027
2000-09-14,20.588234646366036,-40.380198602558366,1.5338028149707084,-46.763979817476226
2000-09-15,20.811979642060837,-40.43301050790956,2.4606125943427246,-46.40848140260965
2000-09-16,20.25097884935758,-42.57822475142397,2.4229570389460915,-44.74507148307381
2000-09-17,19.845315121056423,-44.13093943543327,2.9643468005131286,-45.32051369538042
2000-09-18,21.35286096246175,-45.099193333791455,4.1133379205489495,-44.0857382971126
2000-09-19,22.356559092463577,-45.804926496871715,4.948654501341112,-43.8330299537917
2000-09-20,21.548064337185124,-45.9763390985874,4.027155349501512,-43.28996432224639
2000-09-21,21.15112598499334,-44.37499599621959,3.440877334908991,-43.785458886503925
2000-09-22,19.45785431463868,-42.63513170197102,3.3365623958587975,-43.884777587382814
2000-09-23,18.493938671669337,-41.553164652301334,1.6471932923768975,-44.505689195427024
2000-09-24,18.384249982105793,-40.20593812806381,-0.28188018603030596,-43.624737395031325
2000-09-25,19.443307466968548,-39.444520289725006,-1.676923205950322,-42.81770977175608
2000-09-26,19.385017284335206,-39.30552658634742,-1.6752596231543124,-41.9809502009434
2000-09-27,16.733331513154667,-38.60423168916652,-2.9788710608187254,-41.57139669894752
2000-09-28,15.690450457934524,-38.449401396247914,-4.2074600368452595,-43.07850108322513
2000-09-29,15.634238618560726,-38.0432353024068,-3.393669840238841,-43.32460836828511
2000-09-30,13.928858535485148,-39.5496066231828,-3.7741675990544925,-43.309380874164724
2000-10-01,12.767956762828515,-39.20274083213836,-3.346773040268465,-41.749943333185
2000-10-02,13.691615039740054,-39.75384733103276,-2.7285449387063956,-42.01010286665612
2000-10-03,15.664400964013465,-38.96669447447014,-3.5888537775250406,-41.839923016100634
2000-10-04,13.717417839318843,-39.36206795951338,-4.393713066088791,-41.25063032872799
2000-10-05,14.586015523275881,-39.31126770596309,-6.134206813553325,-41.048431922552595
2000-10-06,14.990830876953476,-40.945305595770286,-4.437679009293639,-40.7755706021147
2000-10-07,16.74196165184818,-40.63189901248981,-4.807114672299728,-40.60233369600928
2000-10-08,15.630454712937997,-41.855309784761516,-5.277410167122739,-41.10445009232234
2000-10-09,16.112814834469784,-41.120157681603494,-4.691940995666255,-40.231200330310905
2000-10-10,15.473553899092973,-40.956145664438615,-3.051252878063865,-41.43487990354984
2000-10-11,16.862089108748755,-41.233565979877724,-1.855982461164182,-40.49844330429108
2000-10-12,18.747680363850293,-40.987863849662375,-2.1171360880225065,-38.931884658937065
2000-10-13,19.163353434798932,-41.58915408111206,-0.8392129447830428,-37.8224085772652
2000-10-14,19.766515705269114,-41.97822345960389,-0.03230990545023349,-37.33927551032909
2000-10-15,19.864838621271243,-42.24825399261986,0.042867175799270935,-36.269049648316994
2000-10-16,17.810843062462926,-41.98394233477378,-0.791381142835616,-36.625170574187486
2000-10-17,17.31290440795169,-42.891918360916065,-0.9572886136541066,-37.168324755516
2000-10-18,17.48421958803162,-44.12606198425629,-1.6058373138494608,-37.382490486330916
2000-10-19,16.83951798902297,-44.348665911727835,-2.352518208637569,-37.43348700038496
2000-10-20,17.479546839309997,-45.32429530126028,-3.2927755193054393,-37.3124450617854
2000-10-21,19.000961629162347,-43.59680007751126,-2.7910100173553385,-37.331534248371135
2000-10-22,20.5236244166326,-44.086713584900714,-0.3133302168192422,-36.76292597175378
2000-10-23,20.310809105404225,-43.53355221442429,0.9875550709735941,-37.91906306435389
2000-10-24,21.60489778844666,-45.48036506822043,0.6773026693685416,-37.02264289777193
2000-10-25,22.984680536285406,-45.17241314235143,1.8047353534591317,-36.46093656572604
2000-10-26,23.450746726052415,-44.32922183045756,2.3967967138986275,-37.00953463880508
2000-10-27,23.233824096829945,-42.494777355909264,2.4390530974471565,-37.229006585414574
2000-10-28,23.17314522258298,-44.784390972087174,2.392264462434048,-37.81297199919402
2000-10-29,22.673886786418983,-43.39238333328117,1.696523183383543,-40.36688228837196
2000-10-30,21.493691000151344,-44.8641826353709,2.4548308792058617,-37.3020450714185
2000-10-31,21.152630222472993,-43.4452607334545,1.2433596629832817,-36.21189031152412
2000-11-01,19.87991763115157,-43.61442381270262,1.6580794315164722,-35.54561171804632
2000-11-02,19.146882334909783,-42.945995222831314,1.5136946500072008,-36.172049659249396
2000-11-03,18.694605349248913,-45.00884371659372,0.5056866389409411,-34.37455176836506
2000-11-04,17.388252921751892,-45.03262664203513,-0.8528765083480292,-32.87404116500461
2000-11-05,16.870959463817517,-45.38719291050942,0.8642771365691093,-32.562996242688214
2000-11-06,16.814807327194057,-45.01621268261144,1.068702778527766,-34.0977821003407
2000-11-07,15.611283475370332,-44.60444372357353,-0.17546580842812065,-34.2345185688231
2000-11-08,15.243284195187977,-45.34363948855661,-0.9725083188176072,-32.12444733898493
2000-11-09,15.579913517674148,-45.20052316203172,-2.38500427673836,-33.662724387447504
2000-11-10,15.573017811536353,-45.726334333541246,-2.7759062046604512,-32.62147915477489
2000-11-11,15.749398130721683,-45.42666716878141,-2.0046323480140718,-32.322614843745555
2000-11-12,15.780207454854311,-45.90050130240509,-1.5430367904197015,-32.64802550087921
2000-11-13,14.873950257195869,-47.996885385529815,-0.5639799490586224,-32.387349687098876
2000-11-14,14.05490836618642,-49.51633774999078,0.520428339931593,-34.437001815059865
2000-11-15,13.844532709814027,-49.02452603138845,1.3068384638602022,-34.94219836617926
2000-11-16,13.602571606831308,-50.38955794612935,0.6317008622640865,-36.20406919835788
2000-11-17,14.94342221803428,-50.66677312569778,-1.6897174650188946,-37.30398938233189
2000-11-18,15.146454251832605,-50.28855296539424,-1.5799924561804402,-37.342013560732255
2000-11-19,15.061740095028071,-50.20264902749101,-1.7547505957297902,-37.587917865063254
2000-11-20,14.647057714423276,-50.111862991448255,-1.3503652657999403,-36.70406798560067
2000-11-21,14.276051680328381,-48.14386652659007,-1.7851866294694574,-36.58588812847143
2000-11-22,14.696214739891523,-48.09772194643357,-0.25015221839025403,-34.701511483990835
2000-11-23,16.120251433057245,-48.45053008687594,-1.0464845428709277,-33.77346092905017
2000-11-24,15.975391588268206,-48.43254756839559,-0.8108569381064524,-34.50445044678771
2000-11-25,15.600524184841994,-48.74955239696579,-0.9947625098323197,-34.35149208384969
2000-11-26,15.407891678696481,-48.26130308034434,-3.070761279475845,-34.19692976568809
2000-11-27,15.472126992974026,-52.08617315833463,-2.339886675983605,-32.34602360075687
2000-11-28,16.589212709458426,-52.082239963955,-1.8384304172906267,-31.75844716643706
2000-11-29,17.302878891013943,-51.63841363057391,-2.628905590679179,-33.27359252904337
2000-11-30,17.077226574307268,-53.194883483874264,-3.333441800059777,-32.03643866386924
2000-12-01,17.513968195000665,-52.309736012013666,-4.51180165753636,-32.24253157946575
2000-12-02,17.06516096702467,-52.91365710353948,-6.483441516027684,-33.15347692562832
2000-12-03,17.92611945177744,-53.1214992059716,-6.842284656113888,-33.278417040882445
2000-12-04,17.38326907972205,-52.90457421550349,-6.831465737639077,-34.13657828301059
2000-12-05,15.98414246139841,-51.49936571075621,-6.934097206916013,-33.939693986777506
2000-12-06,14.9547887238802,-49.54108693574159,-7.420709001717741,-33.7021277419525
2000-12-07,15.316866108367881,-50.98600062317445,-6.212166014952871,-34.261921013239714
2000-12-08,14.717614739979311,-50.533176644362214,-7.895804277184291,-33.32841830241176
2000-12-09,14.304231328667752,-51.09364770331275,-9.328363327606965,-33.18746070671797
2000-12-10,14.527339475613374,-51.884518137730154,-9.88335879301474,-32.579947846134985
2000-12-11,16.303562868283905,-51.17079391390159,-8.016192911160513,-32.588969242420106
2000-12-12,14.630564381079996,-50.58601109627761,-7.4907841590946065,-32.707197687678644
2000-12-13,15.509507274138867,-53.687527870338755,-7.164546506329665,-30.908462635302232
2000-12-14,15.387641744534156,-54.886998553248425,-8.20168206057147,-32.225261571864735
2000-12-15,16.72590660420729,-56.195553358138106,-7.787032375224997,-31.422847102372536
2000-12-16,16.103558594590275,-56.2761242698094,-9.607554670945152,-30.709428179973298
2000-12-17,15.540449521479164,-56.48032445699443,-9.416700266928025,-30.547738427648074
2000-12-18,15.519628687025733,-55.77170233169772,-8.921663341209188,-26.964943876288853
2000-12-19,14.595999871241757,-55.77493321274781,-8.774812359632387,-27.143012401334442
2000-12-20,12.954482471293023,-54.84788924976185,-8.152207927787035,-25.508896473210797
2000-12-21,14.560984823983725,-52.77606118281622,-8.15321871521101,-25.440572694266123
2000-12-22,13.989447623630406,-53.19836962076995,-9.217027982989592,-24.938414905657357
2000-12-23,14.03206346835523,-51.85102819361627,-9.944859563604862,-27.27239059834907
2000-12-24,14.142670909869212,-51.11542032355247,-11.49644970785247,-27.029232526548043
2000-12-25,14.169290559655693,-51.283890124116716,-13.252462732645418,-27.470806191469926
2000-12-26,14.664525061631798,-50.86897623227662,-13.22566699563101,-28.156410356985635
2000-12-27,15.249099698159203,-52.8461032155774,-12.846630862405998,-28.795486890769734
2000-12-28,14.577356068459233,-52.53548444098648,-12.199123607805213,-27.92873365456458
2000-12-29,15.479634568716643,-51.045738274692255,-11.8635641944301,-28.38310289135991
2000-12-30,14.999279158273211,-53.50560937921166,-11.125742324306543,-27.96339994504181
2000-12-31,14.805172167780107,-53.954559429126085,-11.97059228125382,-28.006769241471456
2001-01-01,14.729865691726868,-51.82509902898597,-11.298904130047378,-27.486570173121123
2001-01-02,16.78569107558509,-50.86840909353688,-12.741494999412241,-26.861739853370228
2001-01-03,17.83581910261358,-50.56579936431872,-13.530654472994462,-26.655798248392934
2001-01-04,15.723920540155095,-51.894661559514745,-13.246601037642227,-26.040141813335264
2001-01-05,15.237275694632979,-52.19450755524839,-12.69597194813427,-28.448195726348118
2001-01-06,13.773953820303946,-52.2023962388005,-12.265035841835324,-28.35968236999958
2001-01-07,14.13882086819459,-52.08664689198023,-13.22445263097524,-27.337095225198247
2001-01-08,13.622143858869359,-50.44281857734386,-12.402595286978983,-28.143437154424085
2001-01-09,12.728278334726435,-50.84135914466052,-12.376968963225027,-27.216999845667388
2001-01-10,13.535892239802912,-49.71970455688266,-11.796160391190611,-28.877990673336647
2001-01-11,13.377232688189007,-47.822280146753265,-12.058659868500751,-27.959641414929365
2001-01-12,11.944580037349237,-47.315306370753156,-11.603153589866997,-27.527444982423063
2001-01-13,11.226427022873926,-45.1419820558899,-11.751626295036184,-26.267400921507395
2001-01-14,10.355988714783567,-44.09907576465608,-13.736897041815237,-26.595373721621883
2001-01-15,8.45108126739962,-42.6421530818486,-15.391850706720232,-26.433874790540496
2001-01-16,10.227379667768647,-40.306988794672,-17.477924141233846,-25.423745094461662
2001-01-17,10.588367634916091,-41.13046820505016,-16.78435004561716,-27.04035635495034
2001-01-18,9.690134788608644,-40.75331469619015,-17.89833487742538,-27.26932385092894
2001-01-19,9.28194567094857,-40.16555446966832,-17.536914337794084,-25.517486553280413
2001-01-20,8.827938477490067,-40.4305493377435,-19.5208607902283,-24.639227824652757
2001-01-21,7.60580488971701,-41.18474437576517,-19.741572053693545,-23.622560055171178
2001-01-22,6.923618314475659,-40.05055310209025,-18.93587482641787,-23.958362152069025
2001-01-23,6.548052042888273,-40.032935040907645,-19.55414163180185,-23.776725395446892
2001-01-24,6.435082706344416,-41.06244269850876,-19.757621299848108,-23.472755265125034
2001-01-25,7.970084828655699,-39.79523625864002,-20.350658221049827,-22.630694572130356
2001-01-26,8.798741763743097,-39.366907859633386,-19.53638202755309,-23.9057743625242
2001-01-27,7.699829988344965,-39.96744570850093,-20.757274893029937,-23.073463286458985
2001-01-28,8.306352832385159,-41.54206986585713,-19.68143656633154,-21.883526662390253
2001-01-29,7.099965807437697,-40.69471151242956,-20.217549610259024,-21.614899569941404
2001-01-30,8.002395515657227,-41.730886785390936,-21.650131829732782,-22.95803298938139
2001-01-31,7.578005194900953,-40.287730374289865,-23.297453292824866,-23.86067428703925
2001-02-01,8.783082131014773,-40.74178417813145,-23.28576219440028,-24.17620429497202
2001-02-02,8.95338034659322,-41.187921179034724,-23.638773276848184,-22.608760181872757
2001-02-03,8.415061156681274,-40.6245993112953,-25.20860536428387,-22.45875755344038
2001-02-04,8.158973657621829,-40.733173440165665,-25.565754795288363,-24.35538683506893
2001-02-05,8.414630820200584,-40.22796669074166,-25.792855155214838,-24.057601453753712
2001-02-06,8.183137707092135,-39.231138524073216,-25.61448197554188,-23.949661668456404
2001-02-07,9.167244524087458,-39.9171514571455,-24.368992631903847,-24.803555826546955
2001-02-08,10.256534646745754,-42.295280512648695,-25.247285910253623,-24.42710219342132
2001-02-09,10.383056135485154,-41.989717773772746,-25.51124489823052,-22.734029950078874
2001-02-10,7.924084260146187,-42.02557084105343,-24.118805812361174,-23.685213124189143
2001-02-11,7.593235613139064,-41.505511820683324,-23.471889766991037,-24.540129442909556
2001-02-12,6.936246368583484,-43.30866261465396,-24.153135876569635,-23.399433047314638
2001-02-13,6.364287535806215,-42.79391701296465,-22.951843188022632,-24.82379248627459
2001-02-14,5.166005434441896,-41.92194151590766,-22.650263899818178,-23.64972803630053
2001-02-15,5.622630517009468,-41.748758183677964,-23.13140721270716,-24.70738877008563
2001-02-16,6.574652021706233,-41.40693464925762,-23.566097565819838,-23.744884596339663
2001-02-17,7.478152070231426,-42.137835070011604,-23.097963126982965,-24.31254725677573
2001-02-18,8.536583872748974,-43.180765478024576,-22.48715811715691,-25.550619047209754
2001-02-19,8.774577212390401,-45.207499122857186,-24.161237183398164,-25.871671283601525
2001-02-20,9.270582874072655,-45.2925016622326,-23.95282583655279,-26.6771967273336
2001-02-21,8.073624986775538,-45.06060381572885,-24.04179551572182,-25.97584999422972
2001-02-22,8.177943555381058,-44.082725869169344,-24.561533094539598,-23.651734346260774
2001-02-23,7.761203900928559,-44.850502987896064,-24.56513739076145,-24.066850792832877
2001-02-24,7.489800325095774,-42.92257954330725,-23.8470865526577,-23.907494725327965
2001-02-25,7.194701165715695,-43.20011432043584,-22.751093554408357,-25.821949172447308
2001-02-26,6.140773066243607,-43.21756174619563,-22.328825962693674,-26.77086742630411
2001-02-27,6.207488793257023,-43.287358248608655,-24.375429669762603,-27.971350879135507
2001-02-28,6.702879445561491,-41.88900377093839,-24.41540883975613,-27.537554752746967
2001-03-01,5.592556831866332,-41.60315784360906,-23.20453681482577,-27.169710404015763
2001-03-02,5.383790980805185,-40.44571448813626,-24.4559597939807,-27.733429431987783
2001-03-03,5.413007266854383,-40.00477704458841,-23.196857962204902,-28.749678536733075
2001-03-04,5.987594095237278,-38.69914195235723,-21.630096007693158,-28.546991374556274
2001-03-05,5.406765987632963,-37.70801527800826,-21.779969774115756,-27.87213911276698
2001-03-06,5.352180050431074,-39.99970465958704,-21.57100926146891,-26.24057749967264
2001-03-07,5.995984506854137,-42.41670330315315,-21.72874815864039,-26.074265845132647
2001-03-08,5.564785884192197,-41.459204798791326,-22.713796608952816,-26.293684977047132
2001-03-09,6.242585726480441,-42.45064191071599,-22.554279342082015,-29.36886589220065
2001-03-10,4.890166029941238,-40.193476815496744,-21.184960814850612,-29.952142085326496
2001-03-11,4.9986468419280055,-42.13667862599909,-19.888601853457477,-28.848511068868156
2001-03-12,4.40149782272978,-44.1268329757368,-22.08254500124447,-30.882282248775788
2001-03-13,5.645756386232831,-44.46751146563044,-22.829827633850304,-29.700269370730105
2001-03-14,4.672671013712659,-44.83331771300998,-21.699896988638436,-28.716824063212187
2001-03-15,4.535146804950197,-43.16993029994093,-21.04834984979746,-26.471857857720007
2001-03-16,3.1301174264060654,-42.209136326557264,-20.070398713857692,-26.977939015194877
2001-03-17,4.380798911111883,-42.559808927959445,-18.97790157580356,-28.097382430239584
2001-03-18,4.349381062997195,-42.582878736931974,-18.54596478057927,-27.009533804475552
2001-03-19,3.672400933383292,-42.31454616408675,-19.291822006091362,-25.60809014699562
2001-03-20,1.3921340954424801,-42.77738049409693,-18.479649191316152,-25.28435892511062
2001-03-21,1.1521491972713962,-42.839075985206584,-17.894330905981928,-23.48322208958564
2001-03-22,2.681952242295686,-44.386573761157806,-19.17412006840669,-23.973464791235063
2001-03-23,2.66602435405763,-44.78027806446552,-19.373437577855025,-23.08047720243687
2001-03-24,2.9314579025738907,-44.556652105694816,-19.97259481607978,-23.432947257294217
2001-03-25,3.9736765085784684,-44.0788734667287,-19.914182457994617,-23.733404671046753
2001-03-26,2.507334873258274,-42.78811872653789,-19.324820563517097,-22.77368117935653
2001-03-27,1.4207845711516551,-41.7090336952115,-19.518688051565974,-23.041712410072098
2001-03-28,1.8518440975831112,-42.39725637484449,-20.702581491473573,-20.698421645374026
2001-03-29,2.426836315910124,-41.8295572843334,-18.88959964106009,-18.65291263187901
2001-03-30,1.317402266996574,-40.9946454604382,-17.602818458881163,-19.346349878592683
2001-03-31,0.6920708814920676,-39.79696096526531,-17.42296715661423,-18.89606148970227
2001-04-01,-0.5589002795771406,-39.2115623532531,-18.09228162717135,-19.512136144276045
2001-04-02,-0.6460014268294454,-38.296495469186404,-18.86520370925357,-21.248762379524624
2001-04-03,-1.083450573897914,-38.46808765107909,-19.43731269401709,-20.60931880053033
2001-04-04,-0.8699346529899852,-38.752269078744945,-20.494091770781775,-20.068550646267425
2001-04-05,-0.08763445422167138,-39.96940599524725,-20.6005441143477,-20.855014830514598
2001-04-06,-1.3704331150203843,-39.56155477137826,-19.62926235584561,-21.41191739702401
2001-04-07,-3.1737037576151192,-40.04621628131926,-20.66901916623019,-19.181492176982196
2001-04-08,-0.7885656827838297,-40.44654463476305,-22.483047076554282,-19.531091880749276
2001-04-09,-1.8319895790059326,-40.924336376079324,-21.636999566992134,-20.472822933565556
2001-04-10,-0.31799374502649047,-41.194541739973516,-22.977374755116454,-22.419254028178564
2001-04-11,-1.433087286901761,-42.13130259330191,-22.580373656242166,-23.79363518530708
2001-04-12,-2.3182706726384996,-42.46605184948337,-20.615238515882726,-25.89529723518661
2001-04-13,-2.479839912235591,-42.905182673742914,-22.007791429029695,-26.13690541282928
2001-04-14,-1.371778177602215,-41.581791625125156,-21.413991430245225,-26.66899100858671
2001-04-15,-1.722926362506669,-40.82371290425629,-20.43526205569952,-25.886022430001304
2001-04-16,-1.085565921764838,-40.28034081092637,-19.129693221689642,-26.81513287409694
2001-04-17,-0.6083728652172007,-40.57334402711833,-19.363626284967317,-26.68904318418728
2001-04-18,-0.2310939277684042,-40.113496536349494,-19.057230119828347,-26.188281610276483
2001-04-19,0.9984073108168628,-40.6863807430253,-18.808862138816256,-26.9792586406169
2001-04-20,-1.1625220421079159,-40.90166243029867,-18.31227087035667,-29.250172525491156
2001-04-21,-0.7555125304309467,-39.83299816376748,-18.296883205750717,-27.711979004531916
2001-04-22,0.08862053016594651,-40.40247604756386,-17.31489806158003,-28.00902285278998
2001-04-23,0.3952447419709174,-40.40101351430239,-16.34730434049849,-28.260593440513272
2001-04-24,0.5487524353456392,-41.34117023888929,-16.65719325315971,-28.764959129346572
2001-04-25,-0.04893901327095096,-40.01920869025808,-18.67961441799917,-27.960895694619367
2001-04-26,-2.6645376691070832,-41.89903596323771,-18.357517482080684,-26.942302302403228
2001-04-27,-0.5985021049752532,-41.3327276007739,-18.744451823751515,-26.760523624402634
2001-04-28,-1.7359975440273627,-42.27748320874936,-19.38176298345983,-25.896482326107613
2001-04-29,-0.07619438121751942,-41.36781532212915,-20.290606192852067,-24.399389656263622
2001-04-30,1.1321742424593615,-40.7732511431477,-21.02990877855741,-23.67152459090651
2001-05-01,0.32397079364094394,-41.888793093781224,-22.894281948644085,-23.217970766381217
2001-05-02,1.632006565365549,-41.541248684998756,-24.099615237366415,-24.314231778017945
2001-05-03,0.9214089438121157,-40.94675829184213,-25.69292822014565,-25.21092523577775
2001-05-04,0.5371070679899475,-41.389016843885145,-27.31990817441254,-26.71180923950769
2001-05-05,0.9747556605051508,-42.49288078027852,-28.240217145207602,-29.23415984725636
2001-05-06,1.6045363429726955,-43.47386857942842,-27.02805075246741,-29.02257086737346
2001-05-07,1.88240212359989,-42.571687554305484,-26.45720899677294,-29.081737345328577
2001-05-08,2.8049168039530343,-44.05561601065301,-28.562227297229846,-28.682369711142744
2001-05-09,4.128156179392399,-44.67184052456959,-29.36305379667474,-29.481817126791945
2001-05-10,4.3030257455631595,-44.93837902268762,-30.80490472541677,-30.24846307189701
2001-05-11,3.682133404076829,-45.48498874743817,-31.592419392373067,-30.223743184744123
2001-05-12,3.8645382664284216,-45.66898187812259,-31.105353206636153,-30.106174234532308
2001-05-13,3.5418735965278736,-44.14692238320325,-30.60468721402655,-29.98648093202453
2001-05-14,2.7668191170051895,-43.937133820200415,-30.585748264540232,-29.943895108924476
2001-05-15,2.843283834649512,-42.827004082842464,-28.706525473679363,-30.401065023136823
2001-05-16,2.9246256555016426,-43.32010276432541,-29.875865052246855,-31.345726156182614
2001-05-17,3.2902598577992572,-43.25363526896182,-30.614122609052256,-32.14434950820579
2001-05-18,3.1554352212219396,-44.020921093204336,-30.411596462656398,-30.457494272297094
2001-05-19,4.6074637628923645,-43.75590971129072,-30.65808427688394,-31.06167581923163
2001-05-20,2.6877830800795306,-43.506736339827604,-31.392456873762395,-29.090087992575086
2001-05-21,1.0661325604145435,-42.77827214889088,-31.088388399926302,-30.176449887391737
2001-05-22,0.5915146976418588,-43.56839760148523,-31.086990947947996,-30.430794563204007
2001-05-23,0.06595185554993999,-44.15502441397119,-31.446361829890442,-31.32474545850086
2001-05-24,-0.909760684179265,-44.6963936238364,-30.474302000739474,-31.583830344399214
2001-05-25,-0.7325196120178237,-44.469948471409644,-30.285883157453714,-32.665078890180176
2001-05-26,0.7906892854438015,-45.90181161645856,-29.76135270324949,-32.27783186674866
2001-05-27,0.5786684826001793,-44.76790142491926,-30.632533340048884,-32.913427608965115
2001-05-28,0.8151301399360859,-45.21515506450502,-29.880245257861308,-33.91409652531189
2001-05-29,1.560055933184425,-45.959116945279135,-28.508551284274382,-33.287473299136295
2001-05-30,1.0198807429533838,-43.84345819420451,-28.771467821304107,-33.55405594982947
2001-05-31,-0.12082167037573277,-45.61990673156052,-29.455116066653904,-33.2241946641184
2001-06-01,1.6336312613422095,-44.74108746729998,-28.254263103509167,-33.38172771761007
2001-06-02,-0.731235660926413,-45.71098398845902,-27.712902634859052,-32.64867140431645
2001-06-03,-0.2239451037225687,-46.601904791470396,-28.678971439821673,-32.1177302992164
2001-06-04,0.4251018712666794,-46.64826958392706,-28.009234114706054,-30.201000381850196
2001-06-05,0.38696415652032684,-47.55451246052221,-28.43496553421117,-30.732286729535897
2001-06-06,1.1923248262208506,-46.822715584837304,-29.91107348381383,-30.249894204689785
2001-06-07,1.2919004914039702,-47.789970771445766,-30.204802760247343,-29.409783056386416
2001-06-08,1.9607262628280795,-48.19610106035584,-31.82863567170519,-29.324535269659943
2001-06-09,3.2171650333559594,-46.87200524730718,-33.059940264065574,-28.433298003541402
2001-06-10,2.6846591943332787,-47.6388860204625,-34.409453065844126,-29.44121373778965
2001-06-11,2.19169075984291,-47.56471945683427,-32.82142021960366,-27.21131271101511
2001-06-12,1.2726887515168248,-47.60231291687712,-32.71934447340626,-26.265070995278734
2001-06-13,1.0156076485930392,-47.791673335900576,-33.404130749180574,-26.1604519691045
2001-06-14,1.7364594487610778,-46.5411681677326,-32.85561589617293,-26.468759166086397
2001-06-15,0.9375101477878588,-46.29698170892783,-34.33565077664849,-26.94730588700124
2001-06-16,0.9184520739261675,-47.67293792703707,-34.61440197285026,-27.467881304636173
2001-06-17,1.1072330531268066,-46.48815648888622,-34.370828130706634,-28.26092853393102
2001-06-18,0.33836800290001956,-46.26314511392465,-34.34764221992308,-28.37756071686881
2001-06-19,-0.277992561775949,-47.363139645086264,-32.96542551110984,-28.002914168200288
2001-06-20,-0.3626878863929211,-45.119592254232366,-32.93011624561737,-27.334054857765786
2001-06-21,0.27685236221009873,-45.233714434633065,-30.94649450143225,-28.12742397540771
2001-06-22,0.6904710705610184,-45.02503125585084,-32.26806961690684,-29.328485562668316
2001-06-23,0.6903564449092884,-45.997066641753115,-32.20065040313976,-30.689708396317815
2001-06-24,1.1039497548960104,-47.41200198987484,-30.96714850288165,-29.345681240266604
2001-06-25,1.0322752639391362,-46.860825287156665,-29.44588123373612,-27.04935782248653
2001-06-26,0.43925966388537907,-44.914778447946844,-28.331744063613357,-26.489779474753163
2001-06-27,0.8683358446911857,-46.7737898184455,-29.29053561038649,-26.43496020507117
2001-06-28,1.730912057888538,-45.803880086753225,-29.074554895718084,-26.134907783135375
2001-06-29,2.7803534973122024,-46.60561329282929,-28.960444798368673,-25.899983217148613
2001-06-30,4.842259493427819,-47.78566694504286,-28.679816488622116,-26.078582986096663
2001-07-01,4.193974604319604,-45.75683981399751,-28.92277375979953,-26.09816395346134
2001-07-02,4.253031664856709,-44.49215116802508,-27.030983361057352,-26.65602441121609
2001-07-03,3.867550778752608,-43.47315942515701,-26.012688110065753,-27.140791253009752
2001-07-04,4.481498646115164,-44.32455708654066,-25.52381352872718,-27.13668611707826
2001-07-05,6.421796978751072,-43.49858445304545,-25.486576183431346,-26.974114128360487
2001-07-06,8.274350139435143,-42.635383070565595,-26.599171401413575,-27.23015102579703
2001-07-07,7.792045244153843,-41.66679777246876,-26.23703787580668,-27.147379127961212
2001-07-08,6.709521703825194,-40.93000997929564,-25.40495056438052,-29.23602803142519
2001-07-09,5.319559070207271,-41.5636689832449,-25.501839534208916,-29.35729839303374
2001-07-10,4.852365983551518,-41.74434012022847,-25.999131752850886,-28.821258727800252
2001-07-11,2.90619061753778,-41.67391698565927,-26.704010031753555,-28.931730108585263
2001-07-12,3.998467749857167,-40.475156423978476,-27.420808342815537,-27.16174609851613
2001-07-13,4.140934724383724,-42.48483267911436,-27.70773404849152,-28.505876215930037
2001-07-14,5.993301171282243,-42.17140082204297,-27.588271311432493,-30.6377720082385
2001-07-15,5.373230294064388,-42.036481102216236,-29.977747745686003,-30.859141488192822
2001-07-16,7.827229929400887,-42.95415878451088,-29.694006497866773,-31.00071325935065
2001-07-17,7.760582053059476,-43.42995262232137,-30.8137817916336,-29.453355316785675
2001-07-18,7.606476836978993,-43.86670341456421,-31.026581559883613,-28.674188455241914
2001-07-19,7.519803654978244,-45.02888263784691,-31.968526500375685,-26.930476680714385
2001-07-20,7.830106219862848,-43.36921901547184,-31.861595715804107,-27.063274218899213
2001-07-21,8.04713389797126,-46.033778876360536,-32.00857489821687,-27.515581289862187
2001-07-22,6.845738341424901,-45.3346045653247,-30.20614663049298,-27.38989914821564
2001-07-23,6.546233977435013,-46.462279756080996,-29.849960423958024,-28.072701829499216
2001-07-24,6.9212815261015415,-48.16872609842231,-29.648235813407506,-27.01749999538111
2001-07-25,6.9741652253323405,-46.711334521464735,-30.462878488402385,-28.11205804652914
2001-07-26,6.4285336033274,-48.5349219597814,-30.064538006715658,-27.28708126035383
2001-07-27,4.34698239242541,-48.40739640165628,-29.393874947490346,-25.46479885249803
2001-07-28,2.7317094805866144,-46.732555576656615,-29.538847663146417,-24.01986547731284
2001-07-29,2.7160877767592346,-47.251506598241875,-28.19706137328961,-23.5172877390122
2001-07-30,3.1635893245186817,-46.40437048249696,-27.504113804240927,-22.605657884767517
2001-07-31,3.47555401303897,-45.22579503942698,-28.20297175096136,-24.29522986878417
2001-08-01,2.807249617504838,-46.89665910565302,-26.046685555218133,-23.822158687088255
2001-08-02,2.725212272940702,-45.52898825909067,-27.02478415173378,-24.78817417671394
2001-08-03,0.9851214926837584,-44.56768341084992,-27.408710978175048,-26.41469894431665
2001-08-04,1.424688179179291,-45.95700824944809,-29.021808072888103,-25.966928099778283
2001-08-05,1.6105788923019393,-46.89207402283321,-30.026732743981878,-27.537428701235793
2001-08-06,1.3203037562380437,-46.08182607837827,-29.915117743664794,-27.374152324339292
2001-08-07,0.21292034883991473,-45.93142114691178,-30.802537902505748,-27.60988529889513
2001-08-08,-0.11460715355894541,-45.406248069501935,-30.95947473754643,-26.53742235312379
2001-08-09,0.9632664257835333,-46.81966433231554,-31.18392649990704,-26.427234123054053
2001-08-10,-0.28519680045311535,-46.87013582247692,-33.45853447423998,-28.0027529003014
2001-08-11,0.4389763785942684,-45.34486666462936,-33.99146486938072,-27.79255194641854
2001-08-12,-0.6047564249735031,-45.68542202208361,-33.5506270271343,-26.531860479047126
2001-08-13,-1.4324321779176645,-45.00659362624251,-33.44545508557231,-28.10988682390252
2001-08-14,-1.993971815386696,-44.6232159039017,-35.44112941258779,-27.157152326436847
2001-08-15,-3.8342917750468772,-42.70931135766494,-34.74167046324919,-25.55589120602262
2001-08-16,-5.301879098858722,-41.82016643110023,-35.596629158758645,-26.772751139523105
2001-08-17,-6.0181051945876,-41.57168130533916,-35.726729445531866,-27.644923584014848
2001-08-18,-5.193325219976559,-42.02556876030585,-34.54310011989246,-26.873686656533337
2001-08-19,-4.022921241663511,-41.93233555004706,-35.215699482324695,-26.410183640566746
2001-08-20,-3.175202375152538,-41.07808601472877,-33.208555412478134,-26.759114302663505
2001-08-21,-3.3913673023025077,-39.56813345085517,-34.40305592898276,-26.130480571521034
2001-08-22,-2.40471031986528,-39.35307923066573,-33.467138643155415,-26.289989195718302
2001-08-23,-4.117380484641766,-39.50286272160593,-31.905635075408064,-26.851418550990175
2001-08-24,-6.138703360378475,-40.58457886123582,-31.90321227249235,-25.45891671215159
2001-08-25,-5.846365113919639,-41.00864759164476,-31.698377578953007,-28.015021432439056
2001-08-26,-4.483993630152197,-40.34883313500184,-31.06843182603593,-27.590855720594032
2001-08-27,-2.7131555066584596,-39.387111641984504,-30.51781742226299,-27.79028622734644
2001-08-28,-3.3907835226171215,-39.349969615881854,-30.832147455845433,-28.261145485163368
2001-08-29,-2.935040516175958,-39.8385304300866,-29.615557360687497,-28.39795087021591
2001-08-30,-1.6428879169032438,-39.95165402553036,-31.007494156994554,-28.26708296655521
2001-08-31,-1.480360863817604,-38.415098050616386,-30.991087477778887,-30.023974683173837
2001-09-01,0.7687923064674143,-39.253057499070735,-31.567267153235626,-30.156630022754584
2001-09-02,1.3837822169113347,-38.502144177831084,-30.969275441522743,-28.33811550930202
2001-09-03,1.3259398256390038,-36.24120693820017,-30.14861441572756,-28.445994219033228
2001-09-04,-0.8738464523820104,-36.465242621958154,-30.706214788622567,-28.002409641838533
2001-09-05,-2.3484908518909235,-34.591907511005985,-31.182195110174206,-26.876603752975058
2001-09-06,-2.6631009434094226,-34.885867480803896,-31.56231351895608,-27.37901635701304
2001-09-07,-1.8310923326035615,-34.96044342840241,-29.992819171730194,-26.977792282882604
2001-09-08,-0.8136964388077357,-34.38250051987511,-29.924339256167187,-28.18550001048279
2001-09-09,-0.513792711434264,-33.47386593195503,-30.82047368453074,-26.830004598541862
2001-09-10,1.6781569912343368,-33.02200826983801,-31.50748269711153,-25.406075674454847
2001-09-11,1.7851840367212424,-32.55495071985293,-30.495139483758425,-27.704159649445277
2001-09-12,2.650967828827719,-32.45559757127147,-30.739555170739425,-27.38749905789474
2001-09-13,0.7835900238147195,-32.98370045053025,-29.233679296317966,-26.417373990363732
2001-09-14,0.30598871351876644,-32.45312741693092,-28.875454393947614,-26.253889296588476
2001-09-15,2.2803344545058457,-32.203757317433045,-28.44731394332702,-25.390898869563177
2001-09-16,2.351617988002737,-33.27371057822971,-28.233556738554565,-24.98344985118855
2001-09-17,1.6568338268563108,-33.05953809274435,-27.692990058841858,-21.001136569620197
2001-09-18,2.7578786275332394,-33.615674725538966,-27.90888711259901,-20.516221146566362
2001-09-19,2.5530178342747805,-31.801760523129136,-29.312617974809818,-20.64403860241181
2001-09-20,1.7693786389291546,-32.55376328900988,-28.314611348496324,-20.14738695532817
2001-09-21,0.3215932610720982,-33.34490490698604,-27.067746743855423,-21.36060969150954
2001-09-22,0.12421467275306533,-32.80610780456795,-26.817894725975233,-22.067819357406083
2001-09-23,-1.7887851124536696,-33.55180168072267,-28.373345837604752,-20.937732578341866
2001-09-24,-2.8915873937052625,-32.1238693835874,-27.842143192513344,-22.382934817338104
2001-09-25,-4.233024737185416,-32.54750657742608,-27.243539694054178,-21.88938502364342
2001-09-26,-5.191481065829185,-32.034409976300346,-26.238375544971525,-22.3117090474599
2001-09-27,-7.531136923930599,-30.947438332247636,-26.14996773799735,-23.603801759870688
2001-09-28,-7.65937152644422,-31.040291366293307,-26.839952414934466,-24.87724173803224
2001-09-29,-7.194793895299781,-30.868180921514703,-26.276543252015095,-23.5645264615488
2001-09-30,-7.458706778906915,-29.61906176968848,-26.44587299848917,-22.611688505962114
2001-10-01,-7.864457426547166,-28.911049566525875,-26.10720600850261,-21.88330286574506
2001-10-02,-8.067811032623869,-28.138784769277716,-25.017253556301092,-22.582499456616837
2001-10-03,-7.375017487804954,-27.61403115515977,-22.963764089675642,-20.15020045022332
2001-10-04,-7.5359601131847,-27.26197616320495,-22.08806711822071,-18.669301756882454
2001-10-05,-8.398011495580988,-26.5007241671365,-20.859408993610916,-17.925560712411375
2001-10-06,-6.629757723391345,-26.099557590214715,-19.430808187264393,-17.14986014562642
2001-10-07,-5.031708159206475,-27.455657014412353,-19.920623701304855,-17.69601266463451
2001-10-08,-7.568417519337865,-27.637888337740577,-19.323107024251126,-16.652587987759258
2001-10-09,-7.274229880126863,-27.794800678098802,-18.89009347138868,-16.775972284546697
2001-10-10,-7.717314894180161,-28.178683956615405,-18.091865521961367,-17.30956679116449
2001-10-11,-6.859622559316625,-26.56231675783684,-16.598662771364545,-17.461360089087332
2001-10-12,-6.042441769349674,-27.329771023337035,-18.484836699020242,-18.961693660028807
2001-10-13,-7.521973718050413,-26.205294455376837,-17.595056280172198,-20.726593459675374
2001-10-14,-5.571921472103624,-26.541046860761654,-18.393347297001725,-22.25213306060605
2001-10-15,-4.870170873924934,-26.64389041738364,-20.226571529199397,-22.28721704685487
2001-10-16,-4.044620586308356,-27.98405009162159,-21.012134596638116,-23.04766415806286
2001-10-17,-3.2620108714669525,-28.662994742374355,-19.588216978345308,-23.650833960080217
2001-10-18,-1.101186955841691,-30.018958435156318,-19.129614450415367,-22.66468672937383
2001-10-19,-1.3673936457146876,-32.23661766832951,-18.810040765378563,-23.87098541619859
2001-10-20,-1.6211166787590985,-32.28096901253709,-17.45660921187098,-24.056503195815772
2001-10-21,-1.952919902338669,-32.447180047265064,-18.131986879884224,-25.793509886162415
2001-10-22,-3.499036285233222,-33.40539910700108,-17.18954506576422,-25.92875854465887
2001-10-23,-2.9999452823317965,-32.76775964128191,-17.00842748002257,-26.215540928283517
2001-10-24,-3.361430900193514,-32.33913488144394,-18.45922774905164,-27.018068401322267
2001-10-25,-3.2487926514360708,-31.53181170689012,-19.189892586617233,-29.582478179123733
2001-10-26,-2.5498466763214003,-32.15045293072387,-19.103171275020163,-29.91372494258339
2001-10-27,-1.6385616921898642,-30.6175766444649,-18.544698883496682,-29.88801478544477
2001-10-28,-1.8884667563827593,-31.09418703092316,-19.385941362842996,-29.71287376683183
2001-10-29,-0.46108887380731134,-32.61119386753115,-20.172963440215394,-29.30647593691424
2001-10-30,0.09539136895583467,-32.81461422903728,-19.667884735955266,-30.865037336141036
2001-10-31,2.01885445426726,-32.97465905315909,-19.929795346903216,-30.472459098750555
2001-11-01,3.198665087124878,-31.30160622009509,-21.026241055892015,-29.90717056640179
2001-11-02,2.3558717549056247,-29.6205260885966,-19.265115835781465,-27.75475614438101
2001-11-03,2.605535656494602,-28.348908688703254,-19.820151002361424,-28.431984708620014
2001-11-04,2.1806381127510472,-27.50772250896296,-20.75529924587763,-29.049253686920178
2001-11-05,2.229788116749649,-28.693819874805282,-23.259448811813066,-28.932074377156475
2001-11-06,1.6014420650555405,-29.536768503861772,-22.120252368296338,-28.35008336354567
2001-11-07,2.8339324391503524,-29.700618251348992,-21.856841864758195,-27.819137054555444
2001-11-08,3.1376141468538385,-28.613405036704254,-21.112579481309805,-28.609879289299943
2001-11-09,1.6298021003526284,-29.412878441250797,-19.68865570512337,-27.667610500033977
2001-11-10,1.2243447332955344,-29.136863129549763,-18.70371840452263,-26.35794021940079
2001-11-11,0.28616923488790247,-28.706201939967844,-16.85230306525275,-26.26842346699681
2001-11-12,1.3290396162522895,-28.329588039065843,-16.603586649522807,-27.357715458002986
2001-11-13,0.9730777718906221,-26.12978946673993,-16.60554680559161,-26.44583143864562
2001-11-14,0.09597785486706212,-28.078855493828335,-17.495509335557163,-27.559580319711444
2001-11-15,-0.020716418002222445,-27.989202605540836,-17.40071728095743,-26.757255543606888
2001-11-16,0.5496809882606065,-29.67611915720943,-16.706584026286567,-25.438284396728225
2001-11-17,1.1802337282444366,-28.202780909836676,-16.179792612210232,-24.407032626678216
2001-11-18,2.0250828453378413,-29.141646664798877,-15.401877519141983,-23.13715290507546
2001-11-19,1.0044439061649006,-29.644931425512937,-16.354930816809933,-23.105953726952773
2001-11-20,-0.48290280382114403,-30.55467258429471,-15.843507463391687,-22.757956382690978
2001-11-21,1.1144637633428982,-31.24504092450298,-16.810478096355062,-22.22184701745366
2001-11-22,0.5273144441721627,-32.8519455842584,-16.590959524867532,-20.681276877969047
2001-11-23,-0.10507174475478265,-33.261498905709786,-17.29562167142612,-21.318370878569336
2001-11-24,-0.830171435250284,-31.505266251826253,-16.820246634693508,-21.76968238873625
2001-11-25,-1.4759449434325345,-32.75358013616858,-16.912067016509873,-23.480203848421795
2001-11-26,-3.9148297500642526,-32.43660075143661,-18.025565226149595,-22.656363775380193
2001-11-27,-5.696291367740983,-33.101151725715916,-18.31272322119677,-21.282457058549973
2001-11-28,-4.910027580686201,-33.864376979560575,-18.987588116841838,-20.40160715858673
2001-11-29,-5.8564271131013275,-33.76299531642016,-17.609139442062286,-20.323331974673106
2001-11-30,-7.156228637667022,-33.57119307399935,-17.536500315065464,-21.780238634612505
2001-12-01,-7.463216397927139,-31.810998242239776,-17.421043521261947,-22.930798693401705
2001-12-02,-6.895068301785363,-30.56797504844993,-17.645053698248567,-23.595511386222338
2001-12-03,-6.941992043017332,-30.893381689901897,-17.124436322480058,-24.7004326369313
2001-12-04,-5.231612149683061,-31.34106561393006,-17.7405401104359,-24.752392724190695
2001-12-05,-5.849241016803869,-32.51699841990386,-16.657293339859528,-24.131189287203973
2001-12-06,-5.961394773955721,-32.375087903913446,-18.24124714700715,-23.39933196819513
2001-12-07,-7.585555356487668,-31.46155707145212,-18.622460487543208,-25.25346777213293
2001-12-08,-6.971721842172549,-31.61046863594805,-19.099553988358124,-24.84340344356296
2001-12-09,-7.9686797239563605,-33.152517132380105,-18.0686498001775,-24.33910725481281
2001-12-10,-8.243437579036128,-33.24442734036495,-19.019824822870333,-23.35630076876386
2001-12-11,-9.039966619494011,-32.03697171403506,-18.71820562279888,-24.07567338021388
2001-12-12,-9.074987956929467,-32.476483051516695,-19.135753080157112,-23.685284540550324
2001-12-13,-7.983162877400293,-31.861773176101206,-19.358819933066002,-23.403831002924502
2001-12-14,-8.252705352201778,-32.518592285729,-19.053929102710722,-22.10597975379619
2001-12-15,-9.27303331350451,-32.34615001395579,-18.955085100929256,-21.14625673310588
2001-12-16,-8.359970761663487,-31.404243784584626,-19.45177666114217,-20.05283848260097
2001-12-17,-8.301875928881154,-31.125826837356236,-19.16588073062299,-20.38798718253875
2001-12-18,-6.370717197474494,-30.213839708585564,-17.907903584054374,-19.134273731581235
2001-12-19,-3.552270209333873,-31.60142521165437,-18.054578878287636,-19.388072929484334
2001-12-20,-3.2684039674346175,-31.529847824243564,-16.899765846762527,-19.807452991850038
2001-12-21,-4.047809240504448,-31.970177233226195,-15.991157544885459,-19.068186486216394
2001-12-22,-3.5569017925441893,-30.92399990819884,-17.388628821602097,-16.16196024644992
2001-12-23,-3.520877182767374,-31.01829478529529,-18.14546082095035,-17.237880423413372
2001-12-24,-0.7969400103063426,-30.17474885358241,-16.69843818742284,-18.55860722361579
2001-12-25,-0.9691708441050249,-30.4435508198483,-16.486840286125034,-18.298573686288016
2001-12-26,1.1256503139391871,-30.566608764390747,-16.008938261163095,-19.675272647366455
2001-12-27,0.19982173327053832,-30.266538824199678,-17.18648609110822,-18.906007363896784
2001-12-28,-0.35355731481023267,-30.47972093199456,-17.68268201043193,-18.324757745668887
2001-12-29,-1.2673940290031465,-30.27734955637149,-17.22399133559129,-17.267402663988857
2001-12-30,-3.0064859446359478,-30.96663671144678,-17.757780501770313,-17.06677040867499
2001-12-31,-3.5974575626736778,-30.8208325330629,-17.589572132173135,-17.474332237545156
2002-01-01,-5.0601762402998345,-31.883259386618313,-17.56870605717859,-18.293046017002094
2002-01-02,-5.2781207041298375,-31.55751806595906,-18.634889532903955,-18.598654957804573
2002-01-03,-6.498938139373098,-30.35118545683746,-18.21052981569535,-18.404128965609598
2002-01-04,-7.245413939039578,-31.48810201362165,-17.586812103389367,-18.522170754474967
2002-01-05,-8.357637657197552,-33.3276851573277,-17.48266252870097,-18.87348248767175
2002-01-06,-8.753767584988893,-32.039751501527554,-16.675189766157402,-18.461080462910534
2002-01-07,-10.511198861166287,-30.935210574437015,-15.444102482517366,-17.75439584400678
2002-01-08,-10.329763563720793,-29.853651649777778,-14.93020054496568,-18.295283057499994
2002-01-09,-10.641328704892251,-30.64438154611043,-12.998747006906328,-17.813843162134617
2002-01-10,-9.338994419944143,-30.164510211247038,-14.440796175032943,-17.76365597252304
2002-01-11,-9.79066002204847,-30.98207387030358,-14.394498616463848,-17.932601796867647
2002-01-12,-10.805330243719578,-31.609237845017535,-15.240796473828933,-19.58554773650639
2002-01-13,-12.21208497625783,-31.80993856965311,-14.443539848952813,-20.192999518886573
2002-01-14,-13.692550956214674,-30.83060896045392,-13.39625289663169,-19.114359604635204
2002-01-15,-14.2335487169909,-30.791859636523967,-11.75045243834215,-20.526682244345505
2002-01-16,-13.229273063720788,-29.963171628231425,-11.693420686685181,-18.761971319327635
2002-01-17,-12.142747724901328,-28.849978025818025,-9.997003640032439,-17.982407400430493
2002-01-18,-12.583273627336885,-29.814566696964317,-11.105318718762595,-18.76794212152285
2002-01-19,-12.992937764134009,-29.278324095607942,-10.525284872303587,-19.130169659714934
2002-01-20,-15.924471410743656,-30.022816280948415,-12.037340220096594,-19.39772759974462
2002-01-21,-17.120590487592327,-29.520386597044773,-11.572546377449257,-19.771258072068143
2002-01-22,-17.872335371117604,-30.19917832377874,-10.798590149260654,-18.99389896263865
2002-01-23,-17.78230869887026,-29.401198531942654,-10.670089750711114,-20.497814047489328
2002-01-24,-18.61206337586812,-28.856983532601273,-10.889818790267308,-18.538909583450483
2002-01-25,-18.366995420839633,-28.357384250540143,-11.796138015600537,-18.105367207826355
2002-01-26,-16.26016684459708,-29.48329240347015,-13.952447431546748,-17.941145315734115
2002-01-27,-17.991161881583125,-27.0620688926638,-13.19000534401476,-17.63295042052507
2002-01-28,-18.013693819274135,-28.8679864060698,-14.002985409754807,-16.87305183800741
2002-01-29,-16.943983367452134,-28.63274759882845,-13.049954155274435,-15.17194335735194
2002-01-30,-16.605474987162893,-26.66275036033805,-14.55045858334828,-16.202475134339856
2002-01-31,-15.981715014905095,-26.361170864317323,-14.275551587216365,-16.880971962458958
2002-02-01,-15.489154375005409,-26.301196647049707,-14.828528629167415,-16.85086103838584
2002-02-02,-16.91286496805459,-26.990482294807514,-14.400687044254916,-18.34166877197737
2002-02-03,-17.271070967694733,-26.142428943611193,-15.509267546122114,-17.5886358531562
2002-02-04,-17.477204269476324,-27.16493081674238,-16.929445006195664,-18.251957297199514
2002-02-05,-17.954818602111583,-28.071927693072663,-17.365226568880484,-18.55712136367991
2002-02-06,-18.177000827745353,-29.503000036002277,-18.343524500440747,-18.388490032127198
2002-02-07,-17.67208112163624,-27.35437015092264,-17.514834438325355,-18.77010255470291
2002-02-08,-17.831275732563487,-28.20564787326983,-19.031178384523777,-18.825949656153593
2002-02-09,-17.361524205121444,-28.723548924734786,-19.933427530545558,-17.800132757144713
2002-02-10,-18.495816030380077,-28.838313258384787,-18.57753467384064,-18.222850475357983
2002-02-11,-18.545224507945097,-29.25864802321665,-19.23674719414705,-18.46232422083805
2002-02-12,-17.273753295615972,-27.30439801106651,-18.769907007015277,-19.618144384852563
2002-02-13,-17.678767065987152,-27.309338328817265,-18.32601820633668,-18.43123762232464
2002-02-14,-17.301645178561653,-26.46525648114788,-18.524960818275535,-18.72616352983116
2002-02-15,-15.639693691050526,-26.869440093650734,-17.158269533123278,-18.53363911970816
2002-02-16,-15.533411059256627,-27.448514546306967,-15.944244462367967,-18.915582072815866
2002-02-17,-15.79004913714397,-26.519285557612942,-14.119400853949397,-18.641625489430616
2002-02-18,-16.603708422671552,-26.42834285631625,-14.407868443165112,-20.78318222089506
2002-02-19,-16.221143532258232,-26.911672045629338,-15.025714884792366,-19.36094826408717
2002-02-20,-16.255746940612433,-26.842698259659276,-15.950993038545079,-18.699756340286285
2002-02-21,-16.732330909266445,-28.283939806327968,-14.853283455308144,-16.956037321735145
2002-02-22,-14.89707907959333,-29.06478051327278,-14.655256309275929,-18.298674281980524
2002-02-23,-13.939843326968905,-27.02095877363412,-14.45789207460476,-17.99770866956791
2002-02-24,-13.68533905575569,-27.398682669716674,-15.192511313435418,-16.974870955739977
2002-02-25,-13.223275317574224,-26.89972389747605,-15.161915566384375,-17.412660784992042
2002-02-26,-12.905918623251907,-27.769245911914112,-15.747427945951767,-18.860611350522397
2002-02-27,-13.851256226554547,-27.13105052227611,-15.747825358651351,-18.672931844380624
2002-02-28,-12.89418961841993,-25.952365349234846,-15.908289395518207,-18.461940969325948
2002-03-01,-13.532291781937591,-25.673288595989412,-14.790252174179871,-19.237927752618358
2002-03-02,-14.502914243642552,-25.53458994756971,-14.26487590291735,-18.479904291346013
2002-03-03,-14.007028023182103,-26.375963814471376,-13.03848432656941,-19.73685411641102
2002-03-04,-13.647619197192917,-25.370915224822298,-13.581395821320402,-18.81253898725015
2002-03-05,-13.322798373692708,-27.972162452868492,-14.24840143727174,-18.454058842977336
2002-03-06,-13.06685743116641,-29.097262428548195,-13.997803143090273,-18.730672861769403
2002-03-07,-11.321102587702233,-28.464304483228066,-13.487618229456087,-16.871400651496657
2002-03-08,-11.49991012911127,-29.306428892917772,-13.376289527018159,-15.129153297047521
2002-03-09,-12.631768426587758,-28.557843031941065,-12.396913720511579,-16.18438414377183
2002-03-10,-12.150471585662691,-28.32542219620705,-12.111559058000985,-15.825862029896967
2002-03-11,-10.30031222166755,-26.4454934971043,-13.59363555790268,-15.643976344968143
2002-03-12,-11.21825822456403,-27.45111479732402,-14.73890047292337,-15.013625920341628
2002-03-13,-12.621056679558658,-27.72111907910079,-15.065583215398016,-12.90245366542942
2002-03-14,-12.957435731379341,-26.49208137323366,-15.318252748767692,-14.635059356455006
2002-03-15,-12.409415261784156,-24.302280132438383,-15.171260065470404,-14.119620660891796
2002-03-16,-11.176922899496152,-23.93992425809995,-13.049873906795145,-13.730692055886317
2002-03-17,-11.260486369194158,-24.37729241122542,-13.431042592025765,-13.8791770514704
2002-03-18,-11.128814068969701,-24.673207847957325,-11.436227623511602,-13.867762200688412
2002-03-19,-9.734995301704034,-27.51720034774194,-10.364116636556517,-14.140957152097831
2002-03-20,-10.218252160026259,-28.562515991103226,-10.879526147159556,-14.396234740754366
2002-03-21,-9.920966934408451,-27.49134297533612,-12.156069191342525,-12.260036292673552
2002-03-22,-8.205666511274197,-27.670301941115323,-11.57337591447876,-12.726087955988449
2002-03-23,-7.339476910439766,-28.56655471090575,-12.420341639800098,-12.083530338709622
2002-03-24,-7.766525546468332,-27.038238145253295,-12.92219665517231,-15.252004084341717
2002-03-25,-6.952951599373629,-27.55878585328194,-11.141620649299385,-14.72723979586282
2002-03-26,-7.350829360440386,-26.65295078027349,-11.67632357828253,-14.165379291376668
2002-03-27,-8.720772120569212,-25.66481220863061,-11.137804610488148,-14.273800466069064
2002-03-28,-8.078973842561055,-25.729778460217645,-10.539674353841917,-12.936905888775527
2002-03-29,-8.555210377482156,-25.772185863834622,-10.687491474162972,-12.792547402534277
2002-03-30,-8.96209545423029,-25.004389412194556,-11.423544659372874,-11.873385942708222
2002-03-31,-9.953506325307416,-24.770417021734243,-13.749054499648327,-13.519152912442381
2002-04-01,-10.37967511301172,-24.967436075970028,-13.890373200317127,-14.012545817113368
2002-04-02,-10.616788286086496,-26.437822387238832,-15.410427218700612,-13.254443554398092
2002-04-03,-10.594992902318726,-25.46235013437835,-13.963354774414421,-12.175887979799505
2002-04-04,-11.987617207481957,-26.175868505384845,-13.932380259479489,-11.265621805254671
2002-04-05,-12.043200398861948,-27.097948870052125,-14.194364805696821,-13.018013855085972
2002-04-06,-11.938336781897002,-28.23414175026366,-12.232338377839724,-12.397936743848621
2002-04-07,-13.913952051841731,-28.10604821872424,-13.081482396518616,-11.659065708561627
2002-04-08,-13.599968543843955,-26.755560072807775,-12.217147882233247,-11.985508754696474
2002-04-09,-13.447317214950418,-27.78746589385735,-11.166142488943988,-10.806766153994994
2002-04-10,-14.219631557522654,-27.676079287638647,-9.99791089108005,-10.257257625878815
2002-04-11,-14.060732723490773,-27.029486669310785,-8.827979501398765,-11.725460223320205
2002-04-12,-13.323744009193968,-25.263505244144017,-8.188222316377498,-11.713304517443717
2002-04-13,-14.811334298081704,-24.32174674783454,-8.06707252476107,-12.10883426123211
2002-04-14,-14.292320846809284,-25.39675373476753,-6.792981289655709,-11.338718334383005
2002-04-15,-15.557785815027865,-25.666138824588927,-7.167314097603929,-10.474571510008746
2002-04-16,-17.301840683817677,-25.17883711794145,-6.107058392372433,-11.362785683175563
2002-04-17,-18.080856695957443,-24.55662919730247,-5.745633822316277,-11.182196446685602
2002-04-18,-17.248790316853444,-23.544748514166336,-2.5630027197579466,-10.132127526731528
2002-04-19,-17.857668034779472,-23.374327952648276,-2.738743919880962,-9.668294818366597
2002-04-20,-20.378417151008488,-25.08215978049185,-2.210973548683952,-9.57377448765123
2002-04-21,-19.25300069159499,-25.697653463740878,-1.0635308313456027,-8.95117492773116
2002-04-22,-19.445755538098815,-25.21162841600494,-0.8398452651695955,-8.944332876000374
2002-04-23,-17.941138170277206,-23.340601493841007,-0.980057901738483,-7.618853747294773
2002-04-24,-19.523479977674334,-22.280858912886597,-1.0033658448869072,-8.353675809594153
2002-04-25,-17.108997244390444,-23.596621242367696,-1.9255022226350582,-6.7230551630044495
2002-04-26,-16.87950031214132,-24.293160044622333,-1.6205917138528299,-6.98397335192364
2002-04-27,-18.981129852899805,-25.88520577225142,-1.2023694698186436,-8.578665214313867
2002-04-28,-18.051032912395762,-24.700071167984905,-0.29429891403063624,-8.485167739237356
2002-04-29,-16.747949589697235,-23.818126627151997,0.007770545904722648,-6.87976541693953
2002-04-30,-16.45051859382864,-24.885988276885765,0.4288771039275606,-6.24545138770407
2002-05-01,-15.898289722394692,-24.52602246007373,1.4237417497624774,-6.684535850327866
2002-05-02,-16.062631276205806,-25.162811053576814,0.6587272385196877,-6.688093437114602
2002-05-03,-17.12134017318946,-24.647107205679344,-0.6937991026027811,-5.90063577617309
2002-05-04,-16.268675753459934,-24.839920909524032,-0.30217082089003156,-5.959168541542007
2002-05-05,-16.619389597574123,-26.489326221260797,-0.4288910305202741,-6.338606353475216
2002-05-06,-18.875697371464128,-25.772714639615987,0.6922297877703832,-7.334879376958161
2002-05-07,-17.8920090347923,-24.97589284526172,-0.15057609080446677,-6.672303231363591
2002-05-08,-18.425367585415962,-26.182964597290873,-1.2066640118812555,-6.479914830850587
2002-05-09,-16.981290100141745,-25.275173212934188,0.6437396976056273,-7.494207928296866
2002-05-10,-18.19625906124604,-25.46432413805343,0.2338669693379669,-8.464291548413218
2002-05-11,-18.309136112904163,-25.23530706751685,-0.11373569657971377,-9.76120072938194
2002-05-12,-21.28235308716455,-25.917201598750136,0.25680879479540836,-9.556020573828912
2002-05-13,-21.558648838432013,-26.787980019402514,-0.8330362898142083,-9.017145664370998
2002-05-14,-21.000023903149636,-27.389902969400175,-2.3720238216875984,-8.755327573311092
2002-05-15,-21.85847855895839,-26.99480792850435,-5.032038599083541,-10.663250000948807
2002-05-16,-20.13726591586699,-28.079692943563337,-6.744599350202992,-12.159728456721899
2002-05-17,-19.35664084965308,-27.532481935666645,-6.002125005987991,-13.181134122670574
2002-05-18,-20.99678255736223,-29.034149560634873,-4.7724533465264605,-12.839507352849353
2002-05-19,-18.888252253399454,-28.362866025325836,-4.411518451651662,-13.381438197074477
2002-05-20,-18.808887703344094,-27.248573882099535,-5.340615299832043,-14.826239547955563
2002-05-21,-18.208086212441156,-26.780455970139272,-6.058503856024008,-16.24141602270463
2002-05-22,-19.034620838567413,-25.845772353208254,-7.890453397766423,-16.44231565218431
2002-05-23,-20.104923085356987,-25.453977247610666,-7.160372028296015,-17.009601956495672
2002-05-24,-20.429219243989905,-24.21739456104628,-7.5924317648958075,-16.494720278207147
2002-05-25,-19.591465721971538,-23.941598743133067,-8.149182747809514,-17.370667386141253
2002-05-26,-19.865148570121125,-23.271503653841556,-6.933229680001027,-16.727839911407926
2002-05-27,-19.254593633846387,-21.941439530549484,-7.1158847875200575,-18.28682490760747
2002-05-28,-21.065865943845232,-21.137178465723746,-6.883331466767021,-18.152491559883618
2002-05-29,-23.238169204773893,-21.578436491244958,-6.807923226647308,-17.95660065231056
2002-05-30,-22.196400190498558,-22.685276632943868,-6.627124177964114,-18.185866495394194
2002-05-31,-20.902272739059015,-22.821537976808123,-7.439180130874046,-18.53172877384178
2002-06-01,-23.388984724673882,-23.179911905097285,-7.61419152517183,-17.79355072433173
2002-06-02,-21.342399450521413,-24.46737777213014,-6.301319262124641,-18.20387828011659
2002-06-03,-21.344729242837076,-25.348998487162486,-7.768671738477977,-18.036404280544428
2002-06-04,-19.80062968995961,-25.16767641919634,-5.375293465552852,-16.53033150370677
2002-06-05,-19.66279916699937,-24.912697363871462,-3.1346590698124444,-14.761192509141795
2002-06-06,-21.03130849534598,-25.6577601410189,-3.8238413117299968,-15.692134878461754
2002-06-07,-22.036471013694523,-24.745193015448105,-4.460595459531124,-15.771891341272799
2002-06-08,-22.90821015566982,-24.06392077317189,-3.0000891816496744,-16.90486861621933
2002-06-09,-24.834884862590396,-24.353976460354932,-3.406297006387674,-20.268214445772344
2002-06-10,-24.679010838432056,-25.148303651471746,-3.6268446596378827,-19.923653213148853
2002-06-11,-24.995750265496632,-25.32316844682038,-3.9931030425152754,-19.723884310950123
2002-06-12,-24.335441464921317,-25.161967779580046,-2.3182999873400227,-21.090005270647698
2002-06-13,-24.354719304492885,-24.408090587693458,0.5661901437873786,-21.11111286654727
2002-06-14,-24.14610006534856,-24.940814808773737,1.5065577238547267,-21.071043665160172
2002-06-15,-23.16758920288602,-25.782853359830234,-0.12116233647022612,-20.114570580487847
2002-06-16,-22.62170284378559,-26.147308189756764,-0.6575478823993625,-21.529364007783386
2002-06-17,-22.1226572112282,-24.410672208194335,0.9703253906554822,-20.72191494770458
2002-06-18,-21.458760000526354,-24.394929023215127,-0.7173749012795915,-21.315337198679437
2002-06-19,-23.22873748539022,-22.951132594891554,-1.3625643296891834,-20.99216990087502
2002-06-20,-24.16577509247536,-23.850960141562226,-2.409817713150174,-21.465837185210315
2002-06-21,-22.77644584242311,-24.17999789374061,-1.1573083238397484,-20.864791801274276
2002-06-22,-22.419092654233488,-24.743870372681123,0.34636373601280734,-21.718639298492324
2002-06-23,-22.752675167332153,-24.941048691693826,1.2690805902220657,-22.061439546436244
2002-06-24,-20.80686734915346,-26.683415858388386,1.5525867854853193,-22.511024031221847
2002-06-25,-20.570796289432206,-27.169618654565117,2.127868692637049,-22.478977635027235
2002-06-26,-20.615022397094553,-28.06148199546736,3.284132704438404,-22.49834847904156
2002-06-27,-20.8442344454873,-28.605538136177532,1.4162093710644663,-21.600892049780043
2002-06-28,-20.444090479833527,-28.41889479327002,0.2574716083280897,-20.01035182498406
2002-06-29,-20.824468218350734,-27.48552838894993,1.061180463545643,-21.784014966637024
2002-06-30,-20.14579489429296,-28.374639756126122,1.3445808553742222,-22.567472901225642
2002-07-01,-18.668884719766293,-27.835141135496176,4.442657734668524,-22.525997330731244
2002-07-02,-17.393167521180107,-26.495316629246826,3.6257095446206655,-22.340171127257403
2002-07-03,-15.803410951669525,-24.845987501695554,3.030445433978102,-21.880431042197266
2002-07-04,-15.338625313259465,-24.29628250452001,2.9720582518280465,-21.63125104070521
2002-07-05,-15.223198789967674,-23.968630064081992,3.4556075320153945,-22.870159619401967
2002-07-06,-14.47032243829804,-25.74358761263946,3.7149620468249056,-22.21438846496893
2002-07-07,-14.430999259499503,-25.70892053517691,1.735704886189148,-24.79233680192351
2002-07-08,-15.11264051569905,-25.231237394425925,1.1391791965341167,-24.60027092257403
2002-07-09,-15.132713708438825,-26.36949608966472,0.010595558328894139,-25.610583533309537
2002-07-10,-15.595477286350215,-24.43018920398499,0.14262547968074707,-24.56543353273329
2002-07-11,-16.910838191374683,-23.36899957093466,-0.49954890412575476,-22.780519137491893
2002-07-12,-15.928995745176978,-21.673907607428394,-0.8186697817028713,-21.867487632840934
2002-07-13,-14.344549475978619,-21.29620780858816,-1.7734636566194228,-19.962882771382453
2002-07-14,-14.882717949024755,-21.247936586664952,-0.07120025907778849,-19.39388760022533
2002-07-15,-14.1298433973085,-20.044251182857913,0.041953055760172636,-17.44381820099791
2002-07-16,-14.716601303117328,-20.710064730717217,0.21126817239888418,-17.754644124854362
2002-07-17,-13.98358334522123,-20.771268922722044,-0.11099325320968678,-17.455810438424802
2002-07-18,-12.81051257295017,-20.745062465295636,-0.19534365468004744,-16.89262741595926
2002-07-19,-13.954588275938816,-22.207039074688034,0.2799466733260553,-16.830628890024784
2002-07-20,-13.108231431586713,-22.966789760010666,0.15931490708330606,-15.56839143584176
2002-07-21,-10.78089868753903,-24.023316147121378,1.4426030922767306,-15.286029679077698
2002-07-22,-10.810281340699696,-24.7318513680261,0.36787269428942815,-15.343263706234643
2002-07-23,-10.42120424735297,-23.040936634770112,1.1286523269716744,-15.353334390323976
2002-07-24,-10.694978589548144,-24.30715976686547,-1.2375548713391438,-15.333873886921577
2002-07-25,-12.36309331923625,-24.33093842082207,-1.4903514449681516,-14.720258280870118
2002-07-26,-13.100592122757215,-24.854733524772875,-1.0515862327670815,-14.508939450455275
2002-07-27,-12.624647797744696,-24.644790500639143,-3.015003201152016,-15.202267397347384
2002-07-28,-12.84950018161231,-24.02127200642054,-4.545056464037518,-14.45789902509556
2002-07-29,-12.407747540785328,-24.24876901799099,-4.344231747049478,-15.69529813330008
2002-07-30,-11.141393235269291,-24.52851919897817,-4.2270625079288635,-13.808758416349637
2002-07-31,-9.690887726610743,-24.783161816688036,-5.490832008192674,-12.806400360338618
2002-08-01,-10.337812041877319,-24.899169555638228,-5.447419534888242,-12.778515453937906
2002-08-02,-9.581706809843883,-25.001315162132958,-3.9373015478875546,-12.61249901876583
2002-08-03,-9.0963904761967,-25.157026477231895,-2.915980073901097,-12.617043308112883
2002-08-04,-10.09251453933733,-25.074689128708336,-3.863186098768269,-13.10110649593382
2002-08-05,-11.480333711972412,-24.789203323616718,-5.651545242467565,-13.300639228194987
2002-08-06,-10.925501462079371,-24.453277449780547,-4.2829195599436565,-11.138562797648332
2002-08-07,-10.602528695343766,-25.904043247699608,-3.8593771046327223,-11.414277050878015
2002-08-08,-8.926033117371865,-25.7880854144405,-4.26521755528917,-10.490658381434773
2002-08-09,-8.864808567308426,-25.891409961962395,-4.296554415841228,-11.93433818049514
2002-08-10,-8.307532962153273,-25.770732124037227,-2.7029091307131523,-11.812220134870607
2002-08-11,-7.8972508467055835,-25.40241995080281,-2.8024231567888314,-12.268009101565106
2002-08-12,-7.109227961447591,-26.458435339751343,-2.0550665558718064,-12.309938992950231
2002-08-13,-8.133382457956158,-27.61321216602784,-1.3005604423604642,-13.093696477372992
2002-08-14,-6.318069020542709,-27.828905262051443,-0.01897794829761179,-13.132538466766857
2002-08-15,-6.185006784794817,-29.351565654058508,0.9401822742309748,-12.119070567118543
2002-08-16,-7.130058497910393,-29.965549655860357,0.583175124326261,-11.521472513327582
2002-08-17,-6.698778036684738,-31.20477866385741,0.2808071776507789,-12.422416949900676
2002-08-18,-8.233757787557828,-32.35451425306326,-0.007052739615856063,-11.456467945751776
2002-08-19,-7.605019332022133,-30.70551712316218,-1.4298025758327193,-11.366708490404772
2002-08-20,-6.441612858469915,-31.82791362004072,-3.101757553869103,-12.416625144170277
2002-08-21,-6.072495176920382,-32.854858064518424,-1.5553743832711606,-11.036923284830918
2002-08-22,-4.619428032420589,-31.927032416504698,-1.8557308963456276,-9.982751922267244
2002-08-23,-5.722905597821594,-30.917466874748662,-0.8361314755364238,-8.879450647821367
2002-08-24,-5.104024612029708,-31.292084805417034,-1.4137427280577812,-9.115418056257612
2002-08-25,-5.056282954268383,-31.56655963996745,-1.7127471277262443,-8.70683850413331
2002-08-26,-6.190660524320479,-29.117394163392337,-3.0115302402071285,-10.444892892114812
2002-08-27,-6.0025555699041755,-30.282869900848493,-3.358622785552523,-10.694647884322144
2002-08-28,-5.066306630394498,-30.98741401148734,-3.7003100059211813,-11.48808645098537
2002-08-29,-5.201859181382342,-29.420413524272206,-2.87144530375771,-11.929910073187614
2002-08-30,-4.611462904687378,-28.704051197466473,-4.441908542573094,-12.299916629486008
2002-08-31,-4.345270352280094,-29.132056655572253,-3.372960323624591,-12.156166605684465
2002-09-01,-3.869692759836628,-29.088995364251574,-4.101880747957983,-12.798694678454918
2002-09-02,-2.4368326295391913,-29.57667297855813,-3.696169827999618,-14.838558657831179
2002-09-03,-2.9510357329953054,-30.82454841639349,-4.254251382318722,-15.192672559297492
2002-09-04,-2.6058451474485267,-31.71782873768899,-2.5496992500539326,-15.928822176136615
2002-09-05,-1.458144483880852,-29.12226460113046,-2.213546627687025,-15.778345005065885
2002-09-06,-2.182757478358949,-29.463088171150208,-1.5839878193023176,-14.146109252433666
2002-09-07,-2.951961065769127,-28.857576567628815,-1.630782095762393,-13.868017182210515
2002-09-08,-1.684386608496767,-28.333014057499263,0.27997958644291576,-12.038449333382781
2002-09-09,-1.6686996332719866,-28.907977431802077,1.051166974658615,-11.168813364550347
2002-09-10,-3.9583859182123717,-28.27572173919262,0.40462315496129986,-9.595594444497985
2002-09-11,-5.4504270802737445,-27.490575780224216,-0.2668294023911192,-7.988145815885524
2002-09-12,-4.937852855702277,-26.754961566054373,0.534937606100107,-8.24079229120208
2002-09-13,-4.0044278287962705,-24.965871337835594,-0.6666508885493401,-9.109333205343168
2002-09-14,-3.9686273531992375,-26.09543251201064,0.6041843648450449,-10.181001700853384
2002-09-15,-2.2700039271584727,-27.61227902445268,2.6469156446073954,-10.825531638189343
2002-09-16,-3.8368069003290923,-27.03484553683334,3.3667894678511874,-10.238986392426048
2002-09-17,-5.358591000120826,-28.066566218071667,4.0525913568698435,-10.07946510029318
2002-09-18,-5.224071948250578,-27.409019812404747,3.054469667077444,-11.923331861093612
2002-09-19,-5.636429642543224,-26.917465687101437,1.8639934829492708,-12.877834249915367
2002-09-20,-5.367821680048213,-27.867328366221038,1.1029683244296744,-12.46598496182547
2002-09-21,-6.010699875972573,-28.88297890859919,0.7912965671337155,-11.831411076434417
2002-09-22,-6.6070037897018254,-28.520975018007498,0.776420308220653,-12.358248107579149
2002-09-23,-7.890842247268406,-28.00674090080626,1.1358776235492984,-13.294894343745755
2002-09-24,-7.987863222811204,-29.32716013066567,2.5379440811285705,-13.724821340744862
2002-09-25,-7.965603257096984,-31.29506757504841,3.884076925256289,-12.873046547388585
2002-09-26,-9.195554537551098,-32.023974123548165,4.05537228176797,-13.774630759752608
